2021:06:10 13:40:24 IST +0530,35144.85,25,"{'open': 34980.0, 'high': 35176.0, 'low': 34830.0, 'close': 34929.35}"
2021:06:10 13:40:24 IST +0530,35144.85,25,"{'open': 34980.0, 'high': 35176.0, 'low': 34830.0, 'close': 34929.35}"
2021:06:10 13:40:25 IST +0530,35144.85,25,"{'open': 34980.0, 'high': 35176.0, 'low': 34830.0, 'close': 34929.35}"
2021:06:10 13:40:25 IST +0530,35144.85,25,"{'open': 34980.0, 'high': 35176.0, 'low': 34830.0, 'close': 34929.35}"
2021:06:10 13:40:26 IST +0530,35141.15,25,"{'open': 34980.0, 'high': 35176.0, 'low': 34830.0, 'close': 34929.35}"
2021:06:10 13:40:27 IST +0530,35142.6,25,"{'open': 34980.0, 'high': 35176.0, 'low': 34830.0, 'close': 34929.35}"
2021:06:10 13:40:27 IST +0530,35142.6,25,"{'open': 34980.0, 'high': 35176.0, 'low': 34830.0, 'close': 34929.35}"
2021:06:10 13:40:28 IST +0530,35142.6,25,"{'open': 34980.0, 'high': 35176.0, 'low': 34830.0, 'close': 34929.35}"
2021:06:10 13:40:29 IST +0530,35142.6,25,"{'open': 34980.0, 'high': 35176.0, 'low': 34830.0, 'close': 34929.35}"
2021:06:10 13:40:30 IST +0530,35142.4,25,"{'open': 34980.0, 'high': 35176.0, 'low': 34830.0, 'close': 34929.35}"
2021:06:10 13:40:30 IST +0530,35142.4,25,"{'open': 34980.0, 'high': 35176.0, 'low': 34830.0, 'close': 34929.35}"
2021:06:10 13:40:31 IST +0530,35144.45,50,"{'open': 34980.0, 'high': 35176.0, 'low': 34830.0, 'close': 34929.35}"
2021:06:10 13:40:31 IST +0530,35144.45,50,"{'open': 34980.0, 'high': 35176.0, 'low': 34830.0, 'close': 34929.35}"
2021:06:10 13:40:32 IST +0530,35144.45,50,"{'open': 34980.0, 'high': 35176.0, 'low': 34830.0, 'close': 34929.35}"
2021:06:10 13:40:33 IST +0530,35144.45,50,"{'open': 34980.0, 'high': 35176.0, 'low': 34830.0, 'close': 34929.35}"
2021:06:10 13:40:33 IST +0530,35144.1,25,"{'open': 34980.0, 'high': 35176.0, 'low': 34830.0, 'close': 34929.35}"
2021:06:10 13:40:34 IST +0530,35142.0,25,"{'open': 34980.0, 'high': 35176.0, 'low': 34830.0, 'close': 34929.35}"
2021:06:10 13:40:35 IST +0530,35142.15,25,"{'open': 34980.0, 'high': 35176.0, 'low': 34830.0, 'close': 34929.35}"
2021:06:10 13:40:35 IST +0530,35146.6,25,"{'open': 34980.0, 'high': 35176.0, 'low': 34830.0, 'close': 34929.35}"
2021:06:10 13:40:36 IST +0530,35146.6,25,"{'open': 34980.0, 'high': 35176.0, 'low': 34830.0, 'close': 34929.35}"
2021:06:10 13:40:36 IST +0530,35143.45,25,"{'open': 34980.0, 'high': 35176.0, 'low': 34830.0, 'close': 34929.35}"
2021:06:10 13:40:37 IST +0530,35143.45,25,"{'open': 34980.0, 'high': 35176.0, 'low': 34830.0, 'close': 34929.35}"
2021:06:10 13:40:38 IST +0530,35143.45,25,"{'open': 34980.0, 'high': 35176.0, 'low': 34830.0, 'close': 34929.35}"
2021:06:10 13:40:38 IST +0530,35148.0,25,"{'open': 34980.0, 'high': 35176.0, 'low': 34830.0, 'close': 34929.35}"
2021:06:10 13:40:39 IST +0530,35148.0,25,"{'open': 34980.0, 'high': 35176.0, 'low': 34830.0, 'close': 34929.35}"
2021:06:10 13:40:39 IST +0530,35150.0,25,"{'open': 34980.0, 'high': 35176.0, 'low': 34830.0, 'close': 34929.35}"
2021:06:10 13:40:40 IST +0530,35151.05,25,"{'open': 34980.0, 'high': 35176.0, 'low': 34830.0, 'close': 34929.35}"
2021:06:10 13:40:41 IST +0530,35155.0,25,"{'open': 34980.0, 'high': 35176.0, 'low': 34830.0, 'close': 34929.35}"
2021:06:10 13:40:41 IST +0530,35155.0,25,"{'open': 34980.0, 'high': 35176.0, 'low': 34830.0, 'close': 34929.35}"
2021:06:10 13:40:42 IST +0530,35146.75,25,"{'open': 34980.0, 'high': 35176.0, 'low': 34830.0, 'close': 34929.35}"
2021:06:10 13:40:42 IST +0530,35146.75,25,"{'open': 34980.0, 'high': 35176.0, 'low': 34830.0, 'close': 34929.35}"
2021:06:10 13:40:43 IST +0530,35146.75,25,"{'open': 34980.0, 'high': 35176.0, 'low': 34830.0, 'close': 34929.35}"
2021:06:10 13:40:44 IST +0530,35146.75,25,"{'open': 34980.0, 'high': 35176.0, 'low': 34830.0, 'close': 34929.35}"
2021:06:10 13:40:45 IST +0530,35146.75,25,"{'open': 34980.0, 'high': 35176.0, 'low': 34830.0, 'close': 34929.35}"
2021:06:10 13:40:45 IST +0530,35145.25,25,"{'open': 34980.0, 'high': 35176.0, 'low': 34830.0, 'close': 34929.35}"
2021:06:10 13:40:46 IST +0530,35145.25,25,"{'open': 34980.0, 'high': 35176.0, 'low': 34830.0, 'close': 34929.35}"
2021:06:10 13:40:47 IST +0530,35145.25,25,"{'open': 34980.0, 'high': 35176.0, 'low': 34830.0, 'close': 34929.35}"
2021:06:10 13:40:47 IST +0530,35145.25,25,"{'open': 34980.0, 'high': 35176.0, 'low': 34830.0, 'close': 34929.35}"
2021:06:10 13:40:48 IST +0530,35143.45,25,"{'open': 34980.0, 'high': 35176.0, 'low': 34830.0, 'close': 34929.35}"
2021:06:10 13:40:48 IST +0530,35143.45,25,"{'open': 34980.0, 'high': 35176.0, 'low': 34830.0, 'close': 34929.35}"
2021:06:10 13:40:49 IST +0530,35141.7,25,"{'open': 34980.0, 'high': 35176.0, 'low': 34830.0, 'close': 34929.35}"
2021:06:10 13:40:50 IST +0530,35141.3,25,"{'open': 34980.0, 'high': 35176.0, 'low': 34830.0, 'close': 34929.35}"
2021:06:10 13:40:50 IST +0530,35141.65,25,"{'open': 34980.0, 'high': 35176.0, 'low': 34830.0, 'close': 34929.35}"
2021:06:10 13:40:51 IST +0530,35141.7,25,"{'open': 34980.0, 'high': 35176.0, 'low': 34830.0, 'close': 34929.35}"
2021:06:10 13:40:51 IST +0530,35141.7,25,"{'open': 34980.0, 'high': 35176.0, 'low': 34830.0, 'close': 34929.35}"
2021:06:10 13:40:52 IST +0530,35141.7,25,"{'open': 34980.0, 'high': 35176.0, 'low': 34830.0, 'close': 34929.35}"
2021:06:10 13:40:53 IST +0530,35141.7,25,"{'open': 34980.0, 'high': 35176.0, 'low': 34830.0, 'close': 34929.35}"
2021:06:10 13:40:54 IST +0530,35141.7,25,"{'open': 34980.0, 'high': 35176.0, 'low': 34830.0, 'close': 34929.35}"
2021:06:10 13:40:54 IST +0530,35140.65,25,"{'open': 34980.0, 'high': 35176.0, 'low': 34830.0, 'close': 34929.35}"
2021:06:10 13:40:55 IST +0530,35140.0,25,"{'open': 34980.0, 'high': 35176.0, 'low': 34830.0, 'close': 34929.35}"
2021:06:10 13:40:55 IST +0530,35140.0,25,"{'open': 34980.0, 'high': 35176.0, 'low': 34830.0, 'close': 34929.35}"
2021:06:10 13:40:56 IST +0530,35140.0,25,"{'open': 34980.0, 'high': 35176.0, 'low': 34830.0, 'close': 34929.35}"
2021:06:10 13:40:57 IST +0530,35140.0,25,"{'open': 34980.0, 'high': 35176.0, 'low': 34830.0, 'close': 34929.35}"
2021:06:10 13:40:57 IST +0530,35140.7,25,"{'open': 34980.0, 'high': 35176.0, 'low': 34830.0, 'close': 34929.35}"
2021:06:10 13:40:58 IST +0530,35140.0,25,"{'open': 34980.0, 'high': 35176.0, 'low': 34830.0, 'close': 34929.35}"
2021:06:10 13:40:58 IST +0530,35140.0,25,"{'open': 34980.0, 'high': 35176.0, 'low': 34830.0, 'close': 34929.35}"
2021:06:10 13:40:59 IST +0530,35141.05,25,"{'open': 34980.0, 'high': 35176.0, 'low': 34830.0, 'close': 34929.35}"
2021:06:10 13:41:00 IST +0530,35140.0,25,"{'open': 34980.0, 'high': 35176.0, 'low': 34830.0, 'close': 34929.35}"
2021:06:10 13:41:00 IST +0530,35141.05,25,"{'open': 34980.0, 'high': 35176.0, 'low': 34830.0, 'close': 34929.35}"
2021:06:10 13:41:01 IST +0530,35141.05,25,"{'open': 34980.0, 'high': 35176.0, 'low': 34830.0, 'close': 34929.35}"
2021:06:10 13:41:02 IST +0530,35141.05,25,"{'open': 34980.0, 'high': 35176.0, 'low': 34830.0, 'close': 34929.35}"
2021:06:10 13:41:03 IST +0530,35141.05,25,"{'open': 34980.0, 'high': 35176.0, 'low': 34830.0, 'close': 34929.35}"
2021:06:10 13:41:03 IST +0530,35141.05,25,"{'open': 34980.0, 'high': 35176.0, 'low': 34830.0, 'close': 34929.35}"
2021:06:10 13:41:04 IST +0530,35141.35,25,"{'open': 34980.0, 'high': 35176.0, 'low': 34830.0, 'close': 34929.35}"
2021:06:10 13:41:04 IST +0530,35144.4,25,"{'open': 34980.0, 'high': 35176.0, 'low': 34830.0, 'close': 34929.35}"
2021:06:10 13:41:05 IST +0530,35143.95,25,"{'open': 34980.0, 'high': 35176.0, 'low': 34830.0, 'close': 34929.35}"
2021:06:10 13:41:06 IST +0530,35139.0,25,"{'open': 34980.0, 'high': 35176.0, 'low': 34830.0, 'close': 34929.35}"
2021:06:10 13:41:06 IST +0530,35139.0,25,"{'open': 34980.0, 'high': 35176.0, 'low': 34830.0, 'close': 34929.35}"
2021:06:10 13:41:07 IST +0530,35140.0,50,"{'open': 34980.0, 'high': 35176.0, 'low': 34830.0, 'close': 34929.35}"
2021:06:10 13:41:07 IST +0530,35140.0,50,"{'open': 34980.0, 'high': 35176.0, 'low': 34830.0, 'close': 34929.35}"
2021:06:10 13:41:08 IST +0530,35133.25,25,"{'open': 34980.0, 'high': 35176.0, 'low': 34830.0, 'close': 34929.35}"
2021:06:10 13:41:09 IST +0530,35138.2,25,"{'open': 34980.0, 'high': 35176.0, 'low': 34830.0, 'close': 34929.35}"
2021:06:10 13:41:09 IST +0530,35138.2,25,"{'open': 34980.0, 'high': 35176.0, 'low': 34830.0, 'close': 34929.35}"
2021:06:10 13:41:10 IST +0530,35138.0,25,"{'open': 34980.0, 'high': 35176.0, 'low': 34830.0, 'close': 34929.35}"
2021:06:10 13:41:10 IST +0530,35138.0,25,"{'open': 34980.0, 'high': 35176.0, 'low': 34830.0, 'close': 34929.35}"
2021:06:10 13:41:11 IST +0530,35138.0,25,"{'open': 34980.0, 'high': 35176.0, 'low': 34830.0, 'close': 34929.35}"
2021:06:10 13:41:12 IST +0530,35138.0,25,"{'open': 34980.0, 'high': 35176.0, 'low': 34830.0, 'close': 34929.35}"
2021:06:10 13:41:12 IST +0530,35138.0,25,"{'open': 34980.0, 'high': 35176.0, 'low': 34830.0, 'close': 34929.35}"
2021:06:10 13:41:13 IST +0530,35138.0,25,"{'open': 34980.0, 'high': 35176.0, 'low': 34830.0, 'close': 34929.35}"
2021:06:10 13:41:13 IST +0530,35138.0,75,"{'open': 34980.0, 'high': 35176.0, 'low': 34830.0, 'close': 34929.35}"
2021:06:10 13:41:14 IST +0530,35136.05,50,"{'open': 34980.0, 'high': 35176.0, 'low': 34830.0, 'close': 34929.35}"
2021:06:10 13:41:15 IST +0530,35136.05,50,"{'open': 34980.0, 'high': 35176.0, 'low': 34830.0, 'close': 34929.35}"
2021:06:10 13:41:15 IST +0530,35132.35,200,"{'open': 34980.0, 'high': 35176.0, 'low': 34830.0, 'close': 34929.35}"
2021:06:10 13:41:16 IST +0530,35132.35,200,"{'open': 34980.0, 'high': 35176.0, 'low': 34830.0, 'close': 34929.35}"
2021:06:10 13:41:17 IST +0530,35126.05,25,"{'open': 34980.0, 'high': 35176.0, 'low': 34830.0, 'close': 34929.35}"
2021:06:10 13:41:17 IST +0530,35126.05,25,"{'open': 34980.0, 'high': 35176.0, 'low': 34830.0, 'close': 34929.35}"
2021:06:10 13:41:18 IST +0530,35125.75,25,"{'open': 34980.0, 'high': 35176.0, 'low': 34830.0, 'close': 34929.35}"
2021:06:10 13:41:18 IST +0530,35125.7,25,"{'open': 34980.0, 'high': 35176.0, 'low': 34830.0, 'close': 34929.35}"
2021:06:10 13:41:19 IST +0530,35125.65,50,"{'open': 34980.0, 'high': 35176.0, 'low': 34830.0, 'close': 34929.35}"
2021:06:10 13:41:19 IST +0530,35123.2,25,"{'open': 34980.0, 'high': 35176.0, 'low': 34830.0, 'close': 34929.35}"
2021:06:10 13:41:20 IST +0530,35125.7,25,"{'open': 34980.0, 'high': 35176.0, 'low': 34830.0, 'close': 34929.35}"
2021:06:10 13:41:21 IST +0530,35126.25,25,"{'open': 34980.0, 'high': 35176.0, 'low': 34830.0, 'close': 34929.35}"
2021:06:10 13:41:21 IST +0530,35126.25,25,"{'open': 34980.0, 'high': 35176.0, 'low': 34830.0, 'close': 34929.35}"
2021:06:10 13:41:22 IST +0530,35126.05,25,"{'open': 34980.0, 'high': 35176.0, 'low': 34830.0, 'close': 34929.35}"
2021:06:10 13:41:22 IST +0530,35126.05,25,"{'open': 34980.0, 'high': 35176.0, 'low': 34830.0, 'close': 34929.35}"
2021:06:10 13:41:23 IST +0530,35126.05,25,"{'open': 34980.0, 'high': 35176.0, 'low': 34830.0, 'close': 34929.35}"
2021:06:10 13:41:24 IST +0530,35126.05,25,"{'open': 34980.0, 'high': 35176.0, 'low': 34830.0, 'close': 34929.35}"
2021:06:10 13:41:24 IST +0530,35129.7,25,"{'open': 34980.0, 'high': 35176.0, 'low': 34830.0, 'close': 34929.35}"
2021:06:10 13:41:25 IST +0530,35129.5,25,"{'open': 34980.0, 'high': 35176.0, 'low': 34830.0, 'close': 34929.35}"
2021:06:10 13:41:26 IST +0530,35128.2,25,"{'open': 34980.0, 'high': 35176.0, 'low': 34830.0, 'close': 34929.35}"
2021:06:10 13:41:26 IST +0530,35128.2,25,"{'open': 34980.0, 'high': 35176.0, 'low': 34830.0, 'close': 34929.35}"
2021:06:10 13:41:27 IST +0530,35131.8,25,"{'open': 34980.0, 'high': 35176.0, 'low': 34830.0, 'close': 34929.35}"
2021:06:10 13:41:27 IST +0530,35131.8,25,"{'open': 34980.0, 'high': 35176.0, 'low': 34830.0, 'close': 34929.35}"
2021:06:10 13:41:28 IST +0530,35131.8,25,"{'open': 34980.0, 'high': 35176.0, 'low': 34830.0, 'close': 34929.35}"
2021:06:10 13:41:28 IST +0530,35126.0,50,"{'open': 34980.0, 'high': 35176.0, 'low': 34830.0, 'close': 34929.35}"
2021:06:10 13:41:29 IST +0530,35129.75,25,"{'open': 34980.0, 'high': 35176.0, 'low': 34830.0, 'close': 34929.35}"
2021:06:10 13:41:30 IST +0530,35129.75,25,"{'open': 34980.0, 'high': 35176.0, 'low': 34830.0, 'close': 34929.35}"
2021:06:10 13:41:30 IST +0530,35129.95,25,"{'open': 34980.0, 'high': 35176.0, 'low': 34830.0, 'close': 34929.35}"
2021:06:10 13:41:31 IST +0530,35130.0,175,"{'open': 34980.0, 'high': 35176.0, 'low': 34830.0, 'close': 34929.35}"
2021:06:10 13:41:31 IST +0530,35131.0,25,"{'open': 34980.0, 'high': 35176.0, 'low': 34830.0, 'close': 34929.35}"
2021:06:10 13:41:32 IST +0530,35130.0,25,"{'open': 34980.0, 'high': 35176.0, 'low': 34830.0, 'close': 34929.35}"
2021:06:10 13:41:33 IST +0530,35130.0,25,"{'open': 34980.0, 'high': 35176.0, 'low': 34830.0, 'close': 34929.35}"
2021:06:10 13:41:34 IST +0530,35131.95,25,"{'open': 34980.0, 'high': 35176.0, 'low': 34830.0, 'close': 34929.35}"
2021:06:10 13:41:34 IST +0530,35131.95,25,"{'open': 34980.0, 'high': 35176.0, 'low': 34830.0, 'close': 34929.35}"
2021:06:10 13:41:35 IST +0530,35131.95,25,"{'open': 34980.0, 'high': 35176.0, 'low': 34830.0, 'close': 34929.35}"
2021:06:10 13:41:36 IST +0530,35131.95,25,"{'open': 34980.0, 'high': 35176.0, 'low': 34830.0, 'close': 34929.35}"
2021:06:10 13:41:37 IST +0530,35126.8,25,"{'open': 34980.0, 'high': 35176.0, 'low': 34830.0, 'close': 34929.35}"
2021:06:10 13:41:38 IST +0530,35128.55,25,"{'open': 34980.0, 'high': 35176.0, 'low': 34830.0, 'close': 34929.35}"
2021:06:10 13:41:38 IST +0530,35128.55,25,"{'open': 34980.0, 'high': 35176.0, 'low': 34830.0, 'close': 34929.35}"
2021:06:10 13:41:39 IST +0530,35128.55,25,"{'open': 34980.0, 'high': 35176.0, 'low': 34830.0, 'close': 34929.35}"
2021:06:10 13:41:39 IST +0530,35126.8,25,"{'open': 34980.0, 'high': 35176.0, 'low': 34830.0, 'close': 34929.35}"
2021:06:10 13:41:40 IST +0530,35126.8,150,"{'open': 34980.0, 'high': 35176.0, 'low': 34830.0, 'close': 34929.35}"
2021:06:10 13:41:40 IST +0530,35126.05,25,"{'open': 34980.0, 'high': 35176.0, 'low': 34830.0, 'close': 34929.35}"
2021:06:10 13:41:41 IST +0530,35126.05,25,"{'open': 34980.0, 'high': 35176.0, 'low': 34830.0, 'close': 34929.35}"
2021:06:10 13:41:42 IST +0530,35127.2,25,"{'open': 34980.0, 'high': 35176.0, 'low': 34830.0, 'close': 34929.35}"
2021:06:10 13:41:42 IST +0530,35127.2,25,"{'open': 34980.0, 'high': 35176.0, 'low': 34830.0, 'close': 34929.35}"
2021:06:10 13:41:43 IST +0530,35127.2,25,"{'open': 34980.0, 'high': 35176.0, 'low': 34830.0, 'close': 34929.35}"
2021:06:10 13:41:43 IST +0530,35125.0,25,"{'open': 34980.0, 'high': 35176.0, 'low': 34830.0, 'close': 34929.35}"
2021:06:10 13:41:44 IST +0530,35127.5,25,"{'open': 34980.0, 'high': 35176.0, 'low': 34830.0, 'close': 34929.35}"
2021:06:10 13:41:45 IST +0530,35125.2,25,"{'open': 34980.0, 'high': 35176.0, 'low': 34830.0, 'close': 34929.35}"
2021:06:10 13:41:45 IST +0530,35125.2,25,"{'open': 34980.0, 'high': 35176.0, 'low': 34830.0, 'close': 34929.35}"
2021:06:10 13:41:46 IST +0530,35125.2,25,"{'open': 34980.0, 'high': 35176.0, 'low': 34830.0, 'close': 34929.35}"
2021:06:10 13:41:46 IST +0530,35125.2,25,"{'open': 34980.0, 'high': 35176.0, 'low': 34830.0, 'close': 34929.35}"
2021:06:10 13:41:47 IST +0530,35125.2,25,"{'open': 34980.0, 'high': 35176.0, 'low': 34830.0, 'close': 34929.35}"
2021:06:10 13:41:48 IST +0530,35125.2,25,"{'open': 34980.0, 'high': 35176.0, 'low': 34830.0, 'close': 34929.35}"
2021:06:10 13:41:48 IST +0530,35123.25,200,"{'open': 34980.0, 'high': 35176.0, 'low': 34830.0, 'close': 34929.35}"
2021:06:10 13:41:49 IST +0530,35123.25,25,"{'open': 34980.0, 'high': 35176.0, 'low': 34830.0, 'close': 34929.35}"
2021:06:10 13:41:49 IST +0530,35123.25,25,"{'open': 34980.0, 'high': 35176.0, 'low': 34830.0, 'close': 34929.35}"
2021:06:10 13:41:50 IST +0530,35123.25,25,"{'open': 34980.0, 'high': 35176.0, 'low': 34830.0, 'close': 34929.35}"
2021:06:10 13:41:51 IST +0530,35123.25,25,"{'open': 34980.0, 'high': 35176.0, 'low': 34830.0, 'close': 34929.35}"
2021:06:10 13:41:51 IST +0530,35123.25,25,"{'open': 34980.0, 'high': 35176.0, 'low': 34830.0, 'close': 34929.35}"
2021:06:10 13:41:52 IST +0530,35124.9,25,"{'open': 34980.0, 'high': 35176.0, 'low': 34830.0, 'close': 34929.35}"
2021:06:10 13:41:53 IST +0530,35123.25,50,"{'open': 34980.0, 'high': 35176.0, 'low': 34830.0, 'close': 34929.35}"
2021:06:10 13:41:53 IST +0530,35123.25,50,"{'open': 34980.0, 'high': 35176.0, 'low': 34830.0, 'close': 34929.35}"
2021:06:10 13:41:54 IST +0530,35123.0,25,"{'open': 34980.0, 'high': 35176.0, 'low': 34830.0, 'close': 34929.35}"
2021:06:10 13:41:54 IST +0530,35124.9,25,"{'open': 34980.0, 'high': 35176.0, 'low': 34830.0, 'close': 34929.35}"
2021:06:10 13:41:55 IST +0530,35127.55,25,"{'open': 34980.0, 'high': 35176.0, 'low': 34830.0, 'close': 34929.35}"
2021:06:10 13:41:55 IST +0530,35127.55,25,"{'open': 34980.0, 'high': 35176.0, 'low': 34830.0, 'close': 34929.35}"
2021:06:10 13:41:56 IST +0530,35127.15,25,"{'open': 34980.0, 'high': 35176.0, 'low': 34830.0, 'close': 34929.35}"
2021:06:10 13:41:57 IST +0530,35127.15,25,"{'open': 34980.0, 'high': 35176.0, 'low': 34830.0, 'close': 34929.35}"
2021:06:10 13:41:57 IST +0530,35130.0,25,"{'open': 34980.0, 'high': 35176.0, 'low': 34830.0, 'close': 34929.35}"
2021:06:10 13:41:58 IST +0530,35130.0,25,"{'open': 34980.0, 'high': 35176.0, 'low': 34830.0, 'close': 34929.35}"
2021:06:10 13:41:58 IST +0530,35126.6,25,"{'open': 34980.0, 'high': 35176.0, 'low': 34830.0, 'close': 34929.35}"
2021:06:10 13:41:59 IST +0530,35126.6,25,"{'open': 34980.0, 'high': 35176.0, 'low': 34830.0, 'close': 34929.35}"
2021:06:10 13:42:00 IST +0530,35125.95,25,"{'open': 34980.0, 'high': 35176.0, 'low': 34830.0, 'close': 34929.35}"
2021:06:10 13:42:00 IST +0530,35125.95,25,"{'open': 34980.0, 'high': 35176.0, 'low': 34830.0, 'close': 34929.35}"
2021:06:10 13:42:01 IST +0530,35125.95,25,"{'open': 34980.0, 'high': 35176.0, 'low': 34830.0, 'close': 34929.35}"
2021:06:10 13:42:01 IST +0530,35125.65,50,"{'open': 34980.0, 'high': 35176.0, 'low': 34830.0, 'close': 34929.35}"
2021:06:10 13:42:02 IST +0530,35125.65,50,"{'open': 34980.0, 'high': 35176.0, 'low': 34830.0, 'close': 34929.35}"
2021:06:10 13:42:03 IST +0530,35125.65,50,"{'open': 34980.0, 'high': 35176.0, 'low': 34830.0, 'close': 34929.35}"
2021:06:10 13:42:03 IST +0530,35125.65,50,"{'open': 34980.0, 'high': 35176.0, 'low': 34830.0, 'close': 34929.35}"
2021:06:10 13:42:04 IST +0530,35125.65,50,"{'open': 34980.0, 'high': 35176.0, 'low': 34830.0, 'close': 34929.35}"
2021:06:10 13:42:04 IST +0530,35125.65,50,"{'open': 34980.0, 'high': 35176.0, 'low': 34830.0, 'close': 34929.35}"
2021:06:10 13:42:05 IST +0530,35125.65,25,"{'open': 34980.0, 'high': 35176.0, 'low': 34830.0, 'close': 34929.35}"
2021:06:10 13:42:06 IST +0530,35125.65,25,"{'open': 34980.0, 'high': 35176.0, 'low': 34830.0, 'close': 34929.35}"
2021:06:10 13:42:06 IST +0530,35125.65,25,"{'open': 34980.0, 'high': 35176.0, 'low': 34830.0, 'close': 34929.35}"
2021:06:10 13:42:07 IST +0530,35126.0,25,"{'open': 34980.0, 'high': 35176.0, 'low': 34830.0, 'close': 34929.35}"
2021:06:10 13:42:07 IST +0530,35126.0,25,"{'open': 34980.0, 'high': 35176.0, 'low': 34830.0, 'close': 34929.35}"
2021:06:10 13:42:08 IST +0530,35126.0,25,"{'open': 34980.0, 'high': 35176.0, 'low': 34830.0, 'close': 34929.35}"
2021:06:10 13:42:09 IST +0530,35125.65,25,"{'open': 34980.0, 'high': 35176.0, 'low': 34830.0, 'close': 34929.35}"
2021:06:10 13:42:09 IST +0530,35125.65,25,"{'open': 34980.0, 'high': 35176.0, 'low': 34830.0, 'close': 34929.35}"
2021:06:10 13:42:10 IST +0530,35126.7,25,"{'open': 34980.0, 'high': 35176.0, 'low': 34830.0, 'close': 34929.35}"
2021:06:10 13:42:11 IST +0530,35126.7,25,"{'open': 34980.0, 'high': 35176.0, 'low': 34830.0, 'close': 34929.35}"
2021:06:10 13:42:11 IST +0530,35124.6,25,"{'open': 34980.0, 'high': 35176.0, 'low': 34830.0, 'close': 34929.35}"
2021:06:10 13:42:12 IST +0530,35124.6,25,"{'open': 34980.0, 'high': 35176.0, 'low': 34830.0, 'close': 34929.35}"
2021:06:10 13:42:12 IST +0530,35124.6,25,"{'open': 34980.0, 'high': 35176.0, 'low': 34830.0, 'close': 34929.35}"
2021:06:10 13:42:13 IST +0530,35124.6,25,"{'open': 34980.0, 'high': 35176.0, 'low': 34830.0, 'close': 34929.35}"
2021:06:10 13:42:13 IST +0530,35124.6,25,"{'open': 34980.0, 'high': 35176.0, 'low': 34830.0, 'close': 34929.35}"
2021:06:10 13:42:14 IST +0530,35122.0,25,"{'open': 34980.0, 'high': 35176.0, 'low': 34830.0, 'close': 34929.35}"
2021:06:10 13:42:15 IST +0530,35122.0,25,"{'open': 34980.0, 'high': 35176.0, 'low': 34830.0, 'close': 34929.35}"
2021:06:10 13:42:15 IST +0530,35120.0,25,"{'open': 34980.0, 'high': 35176.0, 'low': 34830.0, 'close': 34929.35}"
2021:06:10 13:42:16 IST +0530,35110.1,50,"{'open': 34980.0, 'high': 35176.0, 'low': 34830.0, 'close': 34929.35}"
2021:06:10 13:42:16 IST +0530,35110.0,25,"{'open': 34980.0, 'high': 35176.0, 'low': 34830.0, 'close': 34929.35}"
2021:06:10 13:42:17 IST +0530,35110.35,25,"{'open': 34980.0, 'high': 35176.0, 'low': 34830.0, 'close': 34929.35}"
2021:06:10 13:42:18 IST +0530,35106.5,25,"{'open': 34980.0, 'high': 35176.0, 'low': 34830.0, 'close': 34929.35}"
2021:06:10 13:42:18 IST +0530,35106.5,25,"{'open': 34980.0, 'high': 35176.0, 'low': 34830.0, 'close': 34929.35}"
2021:06:10 13:42:19 IST +0530,35106.5,25,"{'open': 34980.0, 'high': 35176.0, 'low': 34830.0, 'close': 34929.35}"
2021:06:10 13:42:20 IST +0530,35109.3,25,"{'open': 34980.0, 'high': 35176.0, 'low': 34830.0, 'close': 34929.35}"
2021:06:10 13:42:21 IST +0530,35108.25,25,"{'open': 34980.0, 'high': 35176.0, 'low': 34830.0, 'close': 34929.35}"
2021:06:10 13:42:21 IST +0530,35107.05,25,"{'open': 34980.0, 'high': 35176.0, 'low': 34830.0, 'close': 34929.35}"
2021:06:10 13:42:22 IST +0530,35113.8,25,"{'open': 34980.0, 'high': 35176.0, 'low': 34830.0, 'close': 34929.35}"
2021:06:10 13:42:23 IST +0530,35113.8,25,"{'open': 34980.0, 'high': 35176.0, 'low': 34830.0, 'close': 34929.35}"
2021:06:10 13:42:24 IST +0530,35111.15,50,"{'open': 34980.0, 'high': 35176.0, 'low': 34830.0, 'close': 34929.35}"
2021:06:10 13:42:24 IST +0530,35110.0,25,"{'open': 34980.0, 'high': 35176.0, 'low': 34830.0, 'close': 34929.35}"
2021:06:10 13:42:25 IST +0530,35095.35,25,"{'open': 34980.0, 'high': 35176.0, 'low': 34830.0, 'close': 34929.35}"
2021:06:10 13:42:25 IST +0530,35101.25,25,"{'open': 34980.0, 'high': 35176.0, 'low': 34830.0, 'close': 34929.35}"
2021:06:10 13:42:26 IST +0530,35087.4,25,"{'open': 34980.0, 'high': 35176.0, 'low': 34830.0, 'close': 34929.35}"
2021:06:10 13:42:27 IST +0530,35093.05,25,"{'open': 34980.0, 'high': 35176.0, 'low': 34830.0, 'close': 34929.35}"
2021:06:10 13:42:27 IST +0530,35090.0,50,"{'open': 34980.0, 'high': 35176.0, 'low': 34830.0, 'close': 34929.35}"
2021:06:10 13:42:28 IST +0530,35090.05,25,"{'open': 34980.0, 'high': 35176.0, 'low': 34830.0, 'close': 34929.35}"
2021:06:10 13:42:29 IST +0530,35084.0,25,"{'open': 34980.0, 'high': 35176.0, 'low': 34830.0, 'close': 34929.35}"
2021:06:10 13:42:30 IST +0530,35091.45,25,"{'open': 34980.0, 'high': 35176.0, 'low': 34830.0, 'close': 34929.35}"
2021:06:10 13:42:30 IST +0530,35091.4,25,"{'open': 34980.0, 'high': 35176.0, 'low': 34830.0, 'close': 34929.35}"
2021:06:10 13:42:31 IST +0530,35093.15,50,"{'open': 34980.0, 'high': 35176.0, 'low': 34830.0, 'close': 34929.35}"
2021:06:10 13:42:32 IST +0530,35100.55,25,"{'open': 34980.0, 'high': 35176.0, 'low': 34830.0, 'close': 34929.35}"
2021:06:10 13:42:33 IST +0530,35099.15,50,"{'open': 34980.0, 'high': 35176.0, 'low': 34830.0, 'close': 34929.35}"
2021:06:10 13:42:33 IST +0530,35093.75,75,"{'open': 34980.0, 'high': 35176.0, 'low': 34830.0, 'close': 34929.35}"
2021:06:10 13:42:34 IST +0530,35092.85,25,"{'open': 34980.0, 'high': 35176.0, 'low': 34830.0, 'close': 34929.35}"
2021:06:10 13:42:35 IST +0530,35088.3,25,"{'open': 34980.0, 'high': 35176.0, 'low': 34830.0, 'close': 34929.35}"
2021:06:10 13:42:36 IST +0530,35088.0,25,"{'open': 34980.0, 'high': 35176.0, 'low': 34830.0, 'close': 34929.35}"
2021:06:10 13:42:36 IST +0530,35090.0,25,"{'open': 34980.0, 'high': 35176.0, 'low': 34830.0, 'close': 34929.35}"
2021:06:10 13:42:37 IST +0530,35094.6,25,"{'open': 34980.0, 'high': 35176.0, 'low': 34830.0, 'close': 34929.35}"
2021:06:10 13:42:38 IST +0530,35092.05,25,"{'open': 34980.0, 'high': 35176.0, 'low': 34830.0, 'close': 34929.35}"
2021:06:10 13:42:39 IST +0530,35092.6,25,"{'open': 34980.0, 'high': 35176.0, 'low': 34830.0, 'close': 34929.35}"
2021:06:10 13:42:39 IST +0530,35092.6,25,"{'open': 34980.0, 'high': 35176.0, 'low': 34830.0, 'close': 34929.35}"
2021:06:10 13:42:40 IST +0530,35091.25,25,"{'open': 34980.0, 'high': 35176.0, 'low': 34830.0, 'close': 34929.35}"
2021:06:10 13:42:41 IST +0530,35091.25,25,"{'open': 34980.0, 'high': 35176.0, 'low': 34830.0, 'close': 34929.35}"
2021:06:10 13:42:42 IST +0530,35091.25,25,"{'open': 34980.0, 'high': 35176.0, 'low': 34830.0, 'close': 34929.35}"
2021:06:10 13:42:42 IST +0530,35087.15,25,"{'open': 34980.0, 'high': 35176.0, 'low': 34830.0, 'close': 34929.35}"
2021:06:10 13:42:43 IST +0530,35089.65,25,"{'open': 34980.0, 'high': 35176.0, 'low': 34830.0, 'close': 34929.35}"
2021:06:10 13:42:43 IST +0530,35089.65,25,"{'open': 34980.0, 'high': 35176.0, 'low': 34830.0, 'close': 34929.35}"
2021:06:10 13:42:44 IST +0530,35087.0,50,"{'open': 34980.0, 'high': 35176.0, 'low': 34830.0, 'close': 34929.35}"
2021:06:10 13:42:45 IST +0530,35097.5,25,"{'open': 34980.0, 'high': 35176.0, 'low': 34830.0, 'close': 34929.35}"
2021:06:10 13:42:45 IST +0530,35097.5,25,"{'open': 34980.0, 'high': 35176.0, 'low': 34830.0, 'close': 34929.35}"
2021:06:10 13:42:46 IST +0530,35090.0,25,"{'open': 34980.0, 'high': 35176.0, 'low': 34830.0, 'close': 34929.35}"
2021:06:10 13:42:47 IST +0530,35093.55,25,"{'open': 34980.0, 'high': 35176.0, 'low': 34830.0, 'close': 34929.35}"
2021:06:10 13:42:48 IST +0530,35100.0,25,"{'open': 34980.0, 'high': 35176.0, 'low': 34830.0, 'close': 34929.35}"
2021:06:10 13:42:48 IST +0530,35100.0,25,"{'open': 34980.0, 'high': 35176.0, 'low': 34830.0, 'close': 34929.35}"
2021:06:10 13:42:49 IST +0530,35100.0,25,"{'open': 34980.0, 'high': 35176.0, 'low': 34830.0, 'close': 34929.35}"
2021:06:10 13:42:49 IST +0530,35105.05,25,"{'open': 34980.0, 'high': 35176.0, 'low': 34830.0, 'close': 34929.35}"
2021:06:10 13:42:50 IST +0530,35105.0,25,"{'open': 34980.0, 'high': 35176.0, 'low': 34830.0, 'close': 34929.35}"
2021:06:10 13:42:51 IST +0530,35101.25,25,"{'open': 34980.0, 'high': 35176.0, 'low': 34830.0, 'close': 34929.35}"
2021:06:10 13:42:51 IST +0530,35101.25,25,"{'open': 34980.0, 'high': 35176.0, 'low': 34830.0, 'close': 34929.35}"
2021:06:10 13:42:52 IST +0530,35106.6,25,"{'open': 34980.0, 'high': 35176.0, 'low': 34830.0, 'close': 34929.35}"
2021:06:10 13:42:53 IST +0530,35105.15,25,"{'open': 34980.0, 'high': 35176.0, 'low': 34830.0, 'close': 34929.35}"
2021:06:10 13:42:54 IST +0530,35103.9,25,"{'open': 34980.0, 'high': 35176.0, 'low': 34830.0, 'close': 34929.35}"
2021:06:10 13:42:54 IST +0530,35100.85,25,"{'open': 34980.0, 'high': 35176.0, 'low': 34830.0, 'close': 34929.35}"
2021:06:10 13:42:55 IST +0530,35104.1,25,"{'open': 34980.0, 'high': 35176.0, 'low': 34830.0, 'close': 34929.35}"
2021:06:10 13:42:56 IST +0530,35109.8,25,"{'open': 34980.0, 'high': 35176.0, 'low': 34830.0, 'close': 34929.35}"
2021:06:10 13:42:57 IST +0530,35109.8,25,"{'open': 34980.0, 'high': 35176.0, 'low': 34830.0, 'close': 34929.35}"
2021:06:10 13:42:57 IST +0530,35109.8,25,"{'open': 34980.0, 'high': 35176.0, 'low': 34830.0, 'close': 34929.35}"
2021:06:10 13:42:58 IST +0530,35106.0,25,"{'open': 34980.0, 'high': 35176.0, 'low': 34830.0, 'close': 34929.35}"
2021:06:10 13:42:59 IST +0530,35107.85,50,"{'open': 34980.0, 'high': 35176.0, 'low': 34830.0, 'close': 34929.35}"
2021:06:10 13:43:00 IST +0530,35105.15,25,"{'open': 34980.0, 'high': 35176.0, 'low': 34830.0, 'close': 34929.35}"
2021:06:10 13:43:00 IST +0530,35105.15,25,"{'open': 34980.0, 'high': 35176.0, 'low': 34830.0, 'close': 34929.35}"
2021:06:10 13:43:01 IST +0530,35109.45,25,"{'open': 34980.0, 'high': 35176.0, 'low': 34830.0, 'close': 34929.35}"
2021:06:10 13:43:02 IST +0530,35108.5,25,"{'open': 34980.0, 'high': 35176.0, 'low': 34830.0, 'close': 34929.35}"
2021:06:10 13:43:03 IST +0530,35106.9,25,"{'open': 34980.0, 'high': 35176.0, 'low': 34830.0, 'close': 34929.35}"
2021:06:10 13:43:03 IST +0530,35106.9,25,"{'open': 34980.0, 'high': 35176.0, 'low': 34830.0, 'close': 34929.35}"
2021:06:10 13:43:04 IST +0530,35100.0,25,"{'open': 34980.0, 'high': 35176.0, 'low': 34830.0, 'close': 34929.35}"
2021:06:10 13:43:05 IST +0530,35102.7,25,"{'open': 34980.0, 'high': 35176.0, 'low': 34830.0, 'close': 34929.35}"
2021:06:10 13:43:06 IST +0530,35100.0,25,"{'open': 34980.0, 'high': 35176.0, 'low': 34830.0, 'close': 34929.35}"
2021:06:10 13:43:06 IST +0530,35095.65,25,"{'open': 34980.0, 'high': 35176.0, 'low': 34830.0, 'close': 34929.35}"
2021:06:10 13:43:07 IST +0530,35095.65,25,"{'open': 34980.0, 'high': 35176.0, 'low': 34830.0, 'close': 34929.35}"
2021:06:10 13:43:08 IST +0530,35095.65,25,"{'open': 34980.0, 'high': 35176.0, 'low': 34830.0, 'close': 34929.35}"
2021:06:10 13:43:09 IST +0530,35095.65,25,"{'open': 34980.0, 'high': 35176.0, 'low': 34830.0, 'close': 34929.35}"
2021:06:10 13:43:09 IST +0530,35095.65,25,"{'open': 34980.0, 'high': 35176.0, 'low': 34830.0, 'close': 34929.35}"
2021:06:10 13:43:10 IST +0530,35095.65,25,"{'open': 34980.0, 'high': 35176.0, 'low': 34830.0, 'close': 34929.35}"
2021:06:10 13:43:11 IST +0530,35095.65,25,"{'open': 34980.0, 'high': 35176.0, 'low': 34830.0, 'close': 34929.35}"
2021:06:10 13:43:12 IST +0530,35095.65,25,"{'open': 34980.0, 'high': 35176.0, 'low': 34830.0, 'close': 34929.35}"
2021:06:10 13:43:12 IST +0530,35093.95,25,"{'open': 34980.0, 'high': 35176.0, 'low': 34830.0, 'close': 34929.35}"
2021:06:10 13:43:13 IST +0530,35095.65,25,"{'open': 34980.0, 'high': 35176.0, 'low': 34830.0, 'close': 34929.35}"
2021:06:10 13:43:14 IST +0530,35095.4,25,"{'open': 34980.0, 'high': 35176.0, 'low': 34830.0, 'close': 34929.35}"
2021:06:10 13:43:14 IST +0530,35097.1,25,"{'open': 34980.0, 'high': 35176.0, 'low': 34830.0, 'close': 34929.35}"
2021:06:10 13:43:15 IST +0530,35097.95,25,"{'open': 34980.0, 'high': 35176.0, 'low': 34830.0, 'close': 34929.35}"
2021:06:10 13:43:15 IST +0530,35096.75,25,"{'open': 34980.0, 'high': 35176.0, 'low': 34830.0, 'close': 34929.35}"
2021:06:10 13:43:16 IST +0530,35097.6,25,"{'open': 34980.0, 'high': 35176.0, 'low': 34830.0, 'close': 34929.35}"
2021:06:10 13:43:16 IST +0530,35100.0,25,"{'open': 34980.0, 'high': 35176.0, 'low': 34830.0, 'close': 34929.35}"
2021:06:10 13:43:17 IST +0530,35102.15,25,"{'open': 34980.0, 'high': 35176.0, 'low': 34830.0, 'close': 34929.35}"
2021:06:10 13:43:18 IST +0530,35102.15,25,"{'open': 34980.0, 'high': 35176.0, 'low': 34830.0, 'close': 34929.35}"
2021:06:10 13:43:18 IST +0530,35097.95,25,"{'open': 34980.0, 'high': 35176.0, 'low': 34830.0, 'close': 34929.35}"
2021:06:10 13:43:19 IST +0530,35099.0,25,"{'open': 34980.0, 'high': 35176.0, 'low': 34830.0, 'close': 34929.35}"
2021:06:10 13:43:19 IST +0530,35099.3,100,"{'open': 34980.0, 'high': 35176.0, 'low': 34830.0, 'close': 34929.35}"
2021:06:10 13:43:20 IST +0530,35099.3,100,"{'open': 34980.0, 'high': 35176.0, 'low': 34830.0, 'close': 34929.35}"
2021:06:10 13:43:21 IST +0530,35099.3,100,"{'open': 34980.0, 'high': 35176.0, 'low': 34830.0, 'close': 34929.35}"
2021:06:10 13:43:21 IST +0530,35095.5,25,"{'open': 34980.0, 'high': 35176.0, 'low': 34830.0, 'close': 34929.35}"
2021:06:10 13:43:22 IST +0530,35095.0,25,"{'open': 34980.0, 'high': 35176.0, 'low': 34830.0, 'close': 34929.35}"
2021:06:10 13:43:22 IST +0530,35093.95,25,"{'open': 34980.0, 'high': 35176.0, 'low': 34830.0, 'close': 34929.35}"
2021:06:10 13:43:23 IST +0530,35093.95,25,"{'open': 34980.0, 'high': 35176.0, 'low': 34830.0, 'close': 34929.35}"
2021:06:10 13:43:24 IST +0530,35092.6,25,"{'open': 34980.0, 'high': 35176.0, 'low': 34830.0, 'close': 34929.35}"
2021:06:10 13:43:24 IST +0530,35090.0,25,"{'open': 34980.0, 'high': 35176.0, 'low': 34830.0, 'close': 34929.35}"
2021:06:10 13:43:25 IST +0530,35090.0,25,"{'open': 34980.0, 'high': 35176.0, 'low': 34830.0, 'close': 34929.35}"
2021:06:10 13:43:25 IST +0530,35090.0,25,"{'open': 34980.0, 'high': 35176.0, 'low': 34830.0, 'close': 34929.35}"
2021:06:10 13:43:26 IST +0530,35085.0,25,"{'open': 34980.0, 'high': 35176.0, 'low': 34830.0, 'close': 34929.35}"
2021:06:10 13:43:27 IST +0530,35085.0,25,"{'open': 34980.0, 'high': 35176.0, 'low': 34830.0, 'close': 34929.35}"
2021:06:10 13:43:27 IST +0530,35085.0,25,"{'open': 34980.0, 'high': 35176.0, 'low': 34830.0, 'close': 34929.35}"
2021:06:10 13:43:28 IST +0530,35085.0,25,"{'open': 34980.0, 'high': 35176.0, 'low': 34830.0, 'close': 34929.35}"
2021:06:10 13:43:29 IST +0530,35082.5,25,"{'open': 34980.0, 'high': 35176.0, 'low': 34830.0, 'close': 34929.35}"
2021:06:10 13:43:29 IST +0530,35082.5,25,"{'open': 34980.0, 'high': 35176.0, 'low': 34830.0, 'close': 34929.35}"
2021:06:10 13:43:30 IST +0530,35082.5,25,"{'open': 34980.0, 'high': 35176.0, 'low': 34830.0, 'close': 34929.35}"
2021:06:10 13:43:30 IST +0530,35087.15,25,"{'open': 34980.0, 'high': 35176.0, 'low': 34830.0, 'close': 34929.35}"
2021:06:10 13:43:31 IST +0530,35087.1,25,"{'open': 34980.0, 'high': 35176.0, 'low': 34830.0, 'close': 34929.35}"
2021:06:10 13:43:31 IST +0530,35087.1,25,"{'open': 34980.0, 'high': 35176.0, 'low': 34830.0, 'close': 34929.35}"
2021:06:10 13:43:32 IST +0530,35091.4,25,"{'open': 34980.0, 'high': 35176.0, 'low': 34830.0, 'close': 34929.35}"
2021:06:10 13:43:33 IST +0530,35091.35,25,"{'open': 34980.0, 'high': 35176.0, 'low': 34830.0, 'close': 34929.35}"
2021:06:10 13:43:33 IST +0530,35085.95,25,"{'open': 34980.0, 'high': 35176.0, 'low': 34830.0, 'close': 34929.35}"
2021:06:10 13:43:34 IST +0530,35085.95,25,"{'open': 34980.0, 'high': 35176.0, 'low': 34830.0, 'close': 34929.35}"
2021:06:10 13:43:35 IST +0530,35095.0,25,"{'open': 34980.0, 'high': 35176.0, 'low': 34830.0, 'close': 34929.35}"
2021:06:10 13:43:35 IST +0530,35093.15,25,"{'open': 34980.0, 'high': 35176.0, 'low': 34830.0, 'close': 34929.35}"
2021:06:10 13:43:36 IST +0530,35085.7,25,"{'open': 34980.0, 'high': 35176.0, 'low': 34830.0, 'close': 34929.35}"
2021:06:10 13:43:36 IST +0530,35085.7,25,"{'open': 34980.0, 'high': 35176.0, 'low': 34830.0, 'close': 34929.35}"
2021:06:10 13:43:37 IST +0530,35085.3,25,"{'open': 34980.0, 'high': 35176.0, 'low': 34830.0, 'close': 34929.35}"
2021:06:10 13:43:37 IST +0530,35088.0,25,"{'open': 34980.0, 'high': 35176.0, 'low': 34830.0, 'close': 34929.35}"
2021:06:10 13:43:38 IST +0530,35088.0,100,"{'open': 34980.0, 'high': 35176.0, 'low': 34830.0, 'close': 34929.35}"
2021:06:10 13:43:39 IST +0530,35085.0,25,"{'open': 34980.0, 'high': 35176.0, 'low': 34830.0, 'close': 34929.35}"
2021:06:10 13:43:39 IST +0530,35083.55,25,"{'open': 34980.0, 'high': 35176.0, 'low': 34830.0, 'close': 34929.35}"
2021:06:10 13:43:40 IST +0530,35083.55,25,"{'open': 34980.0, 'high': 35176.0, 'low': 34830.0, 'close': 34929.35}"
2021:06:10 13:43:41 IST +0530,35089.35,25,"{'open': 34980.0, 'high': 35176.0, 'low': 34830.0, 'close': 34929.35}"
2021:06:10 13:43:41 IST +0530,35089.35,25,"{'open': 34980.0, 'high': 35176.0, 'low': 34830.0, 'close': 34929.35}"
2021:06:10 13:43:42 IST +0530,35087.7,25,"{'open': 34980.0, 'high': 35176.0, 'low': 34830.0, 'close': 34929.35}"
2021:06:10 13:43:42 IST +0530,35087.7,25,"{'open': 34980.0, 'high': 35176.0, 'low': 34830.0, 'close': 34929.35}"
2021:06:10 13:43:43 IST +0530,35087.7,25,"{'open': 34980.0, 'high': 35176.0, 'low': 34830.0, 'close': 34929.35}"
2021:06:10 13:43:44 IST +0530,35094.0,25,"{'open': 34980.0, 'high': 35176.0, 'low': 34830.0, 'close': 34929.35}"
2021:06:10 13:43:44 IST +0530,35095.0,25,"{'open': 34980.0, 'high': 35176.0, 'low': 34830.0, 'close': 34929.35}"
2021:06:10 13:43:45 IST +0530,35095.0,50,"{'open': 34980.0, 'high': 35176.0, 'low': 34830.0, 'close': 34929.35}"
2021:06:10 13:43:45 IST +0530,35095.0,50,"{'open': 34980.0, 'high': 35176.0, 'low': 34830.0, 'close': 34929.35}"
2021:06:10 13:43:46 IST +0530,35095.0,50,"{'open': 34980.0, 'high': 35176.0, 'low': 34830.0, 'close': 34929.35}"
2021:06:10 13:43:46 IST +0530,35095.0,50,"{'open': 34980.0, 'high': 35176.0, 'low': 34830.0, 'close': 34929.35}"
2021:06:10 13:43:47 IST +0530,35095.0,50,"{'open': 34980.0, 'high': 35176.0, 'low': 34830.0, 'close': 34929.35}"
2021:06:10 13:43:48 IST +0530,35095.0,50,"{'open': 34980.0, 'high': 35176.0, 'low': 34830.0, 'close': 34929.35}"
2021:06:10 13:43:48 IST +0530,35094.8,50,"{'open': 34980.0, 'high': 35176.0, 'low': 34830.0, 'close': 34929.35}"
2021:06:10 13:43:49 IST +0530,35094.8,50,"{'open': 34980.0, 'high': 35176.0, 'low': 34830.0, 'close': 34929.35}"
2021:06:10 13:43:50 IST +0530,35094.7,25,"{'open': 34980.0, 'high': 35176.0, 'low': 34830.0, 'close': 34929.35}"
2021:06:10 13:43:50 IST +0530,35094.7,25,"{'open': 34980.0, 'high': 35176.0, 'low': 34830.0, 'close': 34929.35}"
2021:06:10 13:43:51 IST +0530,35098.8,25,"{'open': 34980.0, 'high': 35176.0, 'low': 34830.0, 'close': 34929.35}"
2021:06:10 13:43:51 IST +0530,35098.0,25,"{'open': 34980.0, 'high': 35176.0, 'low': 34830.0, 'close': 34929.35}"
2021:06:10 13:43:52 IST +0530,35094.05,25,"{'open': 34980.0, 'high': 35176.0, 'low': 34830.0, 'close': 34929.35}"
2021:06:10 13:43:52 IST +0530,35094.05,25,"{'open': 34980.0, 'high': 35176.0, 'low': 34830.0, 'close': 34929.35}"
2021:06:10 13:43:53 IST +0530,35094.1,25,"{'open': 34980.0, 'high': 35176.0, 'low': 34830.0, 'close': 34929.35}"
2021:06:10 13:43:54 IST +0530,35094.0,25,"{'open': 34980.0, 'high': 35176.0, 'low': 34830.0, 'close': 34929.35}"
2021:06:10 13:43:54 IST +0530,35094.0,25,"{'open': 34980.0, 'high': 35176.0, 'low': 34830.0, 'close': 34929.35}"
2021:06:10 13:43:55 IST +0530,35094.0,25,"{'open': 34980.0, 'high': 35176.0, 'low': 34830.0, 'close': 34929.35}"
2021:06:10 13:43:55 IST +0530,35094.0,25,"{'open': 34980.0, 'high': 35176.0, 'low': 34830.0, 'close': 34929.35}"
2021:06:10 13:43:56 IST +0530,35094.0,25,"{'open': 34980.0, 'high': 35176.0, 'low': 34830.0, 'close': 34929.35}"
2021:06:10 13:43:57 IST +0530,35094.0,25,"{'open': 34980.0, 'high': 35176.0, 'low': 34830.0, 'close': 34929.35}"
2021:06:10 13:43:59 IST +0530,35094.0,25,"{'open': 34980.0, 'high': 35176.0, 'low': 34830.0, 'close': 34929.35}"
2021:06:10 13:43:59 IST +0530,35094.0,25,"{'open': 34980.0, 'high': 35176.0, 'low': 34830.0, 'close': 34929.35}"
2021:06:10 13:44:00 IST +0530,35093.35,25,"{'open': 34980.0, 'high': 35176.0, 'low': 34830.0, 'close': 34929.35}"
2021:06:10 13:44:01 IST +0530,35093.35,25,"{'open': 34980.0, 'high': 35176.0, 'low': 34830.0, 'close': 34929.35}"
2021:06:10 13:44:02 IST +0530,35093.35,25,"{'open': 34980.0, 'high': 35176.0, 'low': 34830.0, 'close': 34929.35}"
2021:06:10 13:44:03 IST +0530,35090.0,50,"{'open': 34980.0, 'high': 35176.0, 'low': 34830.0, 'close': 34929.35}"
2021:06:10 13:44:03 IST +0530,35090.8,25,"{'open': 34980.0, 'high': 35176.0, 'low': 34830.0, 'close': 34929.35}"
2021:06:10 13:44:04 IST +0530,35090.0,25,"{'open': 34980.0, 'high': 35176.0, 'low': 34830.0, 'close': 34929.35}"
2021:06:10 13:44:04 IST +0530,35088.0,25,"{'open': 34980.0, 'high': 35176.0, 'low': 34830.0, 'close': 34929.35}"
2021:06:10 13:44:05 IST +0530,35090.0,25,"{'open': 34980.0, 'high': 35176.0, 'low': 34830.0, 'close': 34929.35}"
2021:06:10 13:44:06 IST +0530,35090.0,25,"{'open': 34980.0, 'high': 35176.0, 'low': 34830.0, 'close': 34929.35}"
2021:06:10 13:44:07 IST +0530,35088.0,25,"{'open': 34980.0, 'high': 35176.0, 'low': 34830.0, 'close': 34929.35}"
2021:06:10 13:44:07 IST +0530,35092.0,25,"{'open': 34980.0, 'high': 35176.0, 'low': 34830.0, 'close': 34929.35}"
2021:06:10 13:44:08 IST +0530,35093.35,25,"{'open': 34980.0, 'high': 35176.0, 'low': 34830.0, 'close': 34929.35}"
2021:06:10 13:44:09 IST +0530,35093.35,25,"{'open': 34980.0, 'high': 35176.0, 'low': 34830.0, 'close': 34929.35}"
2021:06:10 13:44:10 IST +0530,35093.35,25,"{'open': 34980.0, 'high': 35176.0, 'low': 34830.0, 'close': 34929.35}"
2021:06:10 13:44:10 IST +0530,35093.35,25,"{'open': 34980.0, 'high': 35176.0, 'low': 34830.0, 'close': 34929.35}"
2021:06:10 13:44:11 IST +0530,35093.35,25,"{'open': 34980.0, 'high': 35176.0, 'low': 34830.0, 'close': 34929.35}"
2021:06:10 13:44:12 IST +0530,35093.35,25,"{'open': 34980.0, 'high': 35176.0, 'low': 34830.0, 'close': 34929.35}"
2021:06:10 13:44:12 IST +0530,35094.0,25,"{'open': 34980.0, 'high': 35176.0, 'low': 34830.0, 'close': 34929.35}"
2021:06:10 13:44:13 IST +0530,35094.0,25,"{'open': 34980.0, 'high': 35176.0, 'low': 34830.0, 'close': 34929.35}"
2021:06:10 13:44:13 IST +0530,35094.0,25,"{'open': 34980.0, 'high': 35176.0, 'low': 34830.0, 'close': 34929.35}"
2021:06:10 13:44:14 IST +0530,35094.9,50,"{'open': 34980.0, 'high': 35176.0, 'low': 34830.0, 'close': 34929.35}"
2021:06:10 13:44:15 IST +0530,35098.0,75,"{'open': 34980.0, 'high': 35176.0, 'low': 34830.0, 'close': 34929.35}"
2021:06:10 13:44:15 IST +0530,35098.0,75,"{'open': 34980.0, 'high': 35176.0, 'low': 34830.0, 'close': 34929.35}"
2021:06:10 13:44:16 IST +0530,35093.15,25,"{'open': 34980.0, 'high': 35176.0, 'low': 34830.0, 'close': 34929.35}"
2021:06:10 13:44:17 IST +0530,35093.15,25,"{'open': 34980.0, 'high': 35176.0, 'low': 34830.0, 'close': 34929.35}"
2021:06:10 13:44:18 IST +0530,35094.4,25,"{'open': 34980.0, 'high': 35176.0, 'low': 34830.0, 'close': 34929.35}"
2021:06:10 13:44:18 IST +0530,35094.4,25,"{'open': 34980.0, 'high': 35176.0, 'low': 34830.0, 'close': 34929.35}"
2021:06:10 13:44:19 IST +0530,35098.0,25,"{'open': 34980.0, 'high': 35176.0, 'low': 34830.0, 'close': 34929.35}"
2021:06:10 13:44:20 IST +0530,35098.0,25,"{'open': 34980.0, 'high': 35176.0, 'low': 34830.0, 'close': 34929.35}"
2021:06:10 13:44:21 IST +0530,35098.0,25,"{'open': 34980.0, 'high': 35176.0, 'low': 34830.0, 'close': 34929.35}"
2021:06:10 13:44:22 IST +0530,35098.0,25,"{'open': 34980.0, 'high': 35176.0, 'low': 34830.0, 'close': 34929.35}"
2021:06:10 13:44:23 IST +0530,35098.0,25,"{'open': 34980.0, 'high': 35176.0, 'low': 34830.0, 'close': 34929.35}"
2021:06:10 13:44:24 IST +0530,35098.0,25,"{'open': 34980.0, 'high': 35176.0, 'low': 34830.0, 'close': 34929.35}"
2021:06:10 13:44:24 IST +0530,35093.0,25,"{'open': 34980.0, 'high': 35176.0, 'low': 34830.0, 'close': 34929.35}"
2021:06:10 13:44:25 IST +0530,35099.7,25,"{'open': 34980.0, 'high': 35176.0, 'low': 34830.0, 'close': 34929.35}"
2021:06:10 13:44:26 IST +0530,35096.45,25,"{'open': 34980.0, 'high': 35176.0, 'low': 34830.0, 'close': 34929.35}"
2021:06:10 13:44:27 IST +0530,35099.9,25,"{'open': 34980.0, 'high': 35176.0, 'low': 34830.0, 'close': 34929.35}"
2021:06:10 13:44:27 IST +0530,35099.9,25,"{'open': 34980.0, 'high': 35176.0, 'low': 34830.0, 'close': 34929.35}"
2021:06:10 13:44:28 IST +0530,35097.9,50,"{'open': 34980.0, 'high': 35176.0, 'low': 34830.0, 'close': 34929.35}"
2021:06:10 13:44:29 IST +0530,35097.9,50,"{'open': 34980.0, 'high': 35176.0, 'low': 34830.0, 'close': 34929.35}"
2021:06:10 13:44:30 IST +0530,35090.0,25,"{'open': 34980.0, 'high': 35176.0, 'low': 34830.0, 'close': 34929.35}"
2021:06:10 13:44:30 IST +0530,35092.3,25,"{'open': 34980.0, 'high': 35176.0, 'low': 34830.0, 'close': 34929.35}"
2021:06:10 13:44:31 IST +0530,35085.35,25,"{'open': 34980.0, 'high': 35176.0, 'low': 34830.0, 'close': 34929.35}"
2021:06:10 13:44:32 IST +0530,35085.35,25,"{'open': 34980.0, 'high': 35176.0, 'low': 34830.0, 'close': 34929.35}"
2021:06:10 13:44:32 IST +0530,35086.0,25,"{'open': 34980.0, 'high': 35176.0, 'low': 34830.0, 'close': 34929.35}"
2021:06:10 13:44:33 IST +0530,35086.0,25,"{'open': 34980.0, 'high': 35176.0, 'low': 34830.0, 'close': 34929.35}"
2021:06:10 13:44:33 IST +0530,35085.95,25,"{'open': 34980.0, 'high': 35176.0, 'low': 34830.0, 'close': 34929.35}"
2021:06:10 13:44:34 IST +0530,35085.95,25,"{'open': 34980.0, 'high': 35176.0, 'low': 34830.0, 'close': 34929.35}"
2021:06:10 13:44:35 IST +0530,35086.05,25,"{'open': 34980.0, 'high': 35176.0, 'low': 34830.0, 'close': 34929.35}"
2021:06:10 13:44:35 IST +0530,35091.15,25,"{'open': 34980.0, 'high': 35176.0, 'low': 34830.0, 'close': 34929.35}"
2021:06:10 13:44:36 IST +0530,35091.15,25,"{'open': 34980.0, 'high': 35176.0, 'low': 34830.0, 'close': 34929.35}"
2021:06:10 13:44:37 IST +0530,35085.1,25,"{'open': 34980.0, 'high': 35176.0, 'low': 34830.0, 'close': 34929.35}"
2021:06:10 13:44:37 IST +0530,35082.75,25,"{'open': 34980.0, 'high': 35176.0, 'low': 34830.0, 'close': 34929.35}"
2021:06:10 13:44:38 IST +0530,35093.15,25,"{'open': 34980.0, 'high': 35176.0, 'low': 34830.0, 'close': 34929.35}"
2021:06:10 13:44:39 IST +0530,35093.15,25,"{'open': 34980.0, 'high': 35176.0, 'low': 34830.0, 'close': 34929.35}"
2021:06:10 13:44:39 IST +0530,35087.15,50,"{'open': 34980.0, 'high': 35176.0, 'low': 34830.0, 'close': 34929.35}"
2021:06:10 13:44:40 IST +0530,35087.0,25,"{'open': 34980.0, 'high': 35176.0, 'low': 34830.0, 'close': 34929.35}"
2021:06:10 13:44:40 IST +0530,35090.5,25,"{'open': 34980.0, 'high': 35176.0, 'low': 34830.0, 'close': 34929.35}"
2021:06:10 13:44:41 IST +0530,35091.25,25,"{'open': 34980.0, 'high': 35176.0, 'low': 34830.0, 'close': 34929.35}"
2021:06:10 13:44:42 IST +0530,35095.0,25,"{'open': 34980.0, 'high': 35176.0, 'low': 34830.0, 'close': 34929.35}"
2021:06:10 13:44:42 IST +0530,35091.9,25,"{'open': 34980.0, 'high': 35176.0, 'low': 34830.0, 'close': 34929.35}"
2021:06:10 13:44:43 IST +0530,35092.7,25,"{'open': 34980.0, 'high': 35176.0, 'low': 34830.0, 'close': 34929.35}"
2021:06:10 13:44:43 IST +0530,35092.7,25,"{'open': 34980.0, 'high': 35176.0, 'low': 34830.0, 'close': 34929.35}"
2021:06:10 13:44:44 IST +0530,35092.7,25,"{'open': 34980.0, 'high': 35176.0, 'low': 34830.0, 'close': 34929.35}"
2021:06:10 13:44:45 IST +0530,35091.5,25,"{'open': 34980.0, 'high': 35176.0, 'low': 34830.0, 'close': 34929.35}"
2021:06:10 13:44:46 IST +0530,35091.5,25,"{'open': 34980.0, 'high': 35176.0, 'low': 34830.0, 'close': 34929.35}"
2021:06:10 13:44:47 IST +0530,35097.1,25,"{'open': 34980.0, 'high': 35176.0, 'low': 34830.0, 'close': 34929.35}"
2021:06:10 13:44:47 IST +0530,35092.65,25,"{'open': 34980.0, 'high': 35176.0, 'low': 34830.0, 'close': 34929.35}"
2021:06:10 13:44:48 IST +0530,35096.6,25,"{'open': 34980.0, 'high': 35176.0, 'low': 34830.0, 'close': 34929.35}"
2021:06:10 13:44:48 IST +0530,35093.1,50,"{'open': 34980.0, 'high': 35176.0, 'low': 34830.0, 'close': 34929.35}"
2021:06:10 13:44:49 IST +0530,35093.8,25,"{'open': 34980.0, 'high': 35176.0, 'low': 34830.0, 'close': 34929.35}"
2021:06:10 13:44:50 IST +0530,35092.3,50,"{'open': 34980.0, 'high': 35176.0, 'low': 34830.0, 'close': 34929.35}"
2021:06:10 13:44:50 IST +0530,35091.45,25,"{'open': 34980.0, 'high': 35176.0, 'low': 34830.0, 'close': 34929.35}"
2021:06:10 13:44:51 IST +0530,35087.15,25,"{'open': 34980.0, 'high': 35176.0, 'low': 34830.0, 'close': 34929.35}"
2021:06:10 13:44:51 IST +0530,35087.05,25,"{'open': 34980.0, 'high': 35176.0, 'low': 34830.0, 'close': 34929.35}"
2021:06:10 13:44:52 IST +0530,35085.45,25,"{'open': 34980.0, 'high': 35176.0, 'low': 34830.0, 'close': 34929.35}"
2021:06:10 13:44:52 IST +0530,35090.5,25,"{'open': 34980.0, 'high': 35176.0, 'low': 34830.0, 'close': 34929.35}"
2021:06:10 13:44:53 IST +0530,35086.05,25,"{'open': 34980.0, 'high': 35176.0, 'low': 34830.0, 'close': 34929.35}"
2021:06:10 13:44:54 IST +0530,35092.8,25,"{'open': 34980.0, 'high': 35176.0, 'low': 34830.0, 'close': 34929.35}"
2021:06:10 13:44:54 IST +0530,35092.8,25,"{'open': 34980.0, 'high': 35176.0, 'low': 34830.0, 'close': 34929.35}"
2021:06:10 13:44:55 IST +0530,35088.25,25,"{'open': 34980.0, 'high': 35176.0, 'low': 34830.0, 'close': 34929.35}"
2021:06:10 13:44:56 IST +0530,35094.75,25,"{'open': 34980.0, 'high': 35176.0, 'low': 34830.0, 'close': 34929.35}"
2021:06:10 13:44:56 IST +0530,35092.3,25,"{'open': 34980.0, 'high': 35176.0, 'low': 34830.0, 'close': 34929.35}"
2021:06:10 13:44:57 IST +0530,35085.95,25,"{'open': 34980.0, 'high': 35176.0, 'low': 34830.0, 'close': 34929.35}"
2021:06:10 13:44:57 IST +0530,35085.95,25,"{'open': 34980.0, 'high': 35176.0, 'low': 34830.0, 'close': 34929.35}"
2021:06:10 13:44:58 IST +0530,35091.95,25,"{'open': 34980.0, 'high': 35176.0, 'low': 34830.0, 'close': 34929.35}"
2021:06:10 13:44:58 IST +0530,35091.95,25,"{'open': 34980.0, 'high': 35176.0, 'low': 34830.0, 'close': 34929.35}"
2021:06:10 13:44:59 IST +0530,35094.8,25,"{'open': 34980.0, 'high': 35176.0, 'low': 34830.0, 'close': 34929.35}"
2021:06:10 13:45:00 IST +0530,35094.8,25,"{'open': 34980.0, 'high': 35176.0, 'low': 34830.0, 'close': 34929.35}"
2021:06:10 13:45:00 IST +0530,35094.8,25,"{'open': 34980.0, 'high': 35176.0, 'low': 34830.0, 'close': 34929.35}"
2021:06:10 13:45:01 IST +0530,35094.8,25,"{'open': 34980.0, 'high': 35176.0, 'low': 34830.0, 'close': 34929.35}"
2021:06:10 13:45:02 IST +0530,35088.35,25,"{'open': 34980.0, 'high': 35176.0, 'low': 34830.0, 'close': 34929.35}"
2021:06:10 13:45:02 IST +0530,35092.7,100,"{'open': 34980.0, 'high': 35176.0, 'low': 34830.0, 'close': 34929.35}"
2021:06:10 13:45:03 IST +0530,35089.2,25,"{'open': 34980.0, 'high': 35176.0, 'low': 34830.0, 'close': 34929.35}"
2021:06:10 13:45:03 IST +0530,35094.2,50,"{'open': 34980.0, 'high': 35176.0, 'low': 34830.0, 'close': 34929.35}"
2021:06:10 13:45:04 IST +0530,35094.2,50,"{'open': 34980.0, 'high': 35176.0, 'low': 34830.0, 'close': 34929.35}"
2021:06:10 13:45:04 IST +0530,35094.2,50,"{'open': 34980.0, 'high': 35176.0, 'low': 34830.0, 'close': 34929.35}"
2021:06:10 13:45:05 IST +0530,35088.5,25,"{'open': 34980.0, 'high': 35176.0, 'low': 34830.0, 'close': 34929.35}"
2021:06:10 13:45:06 IST +0530,35088.5,25,"{'open': 34980.0, 'high': 35176.0, 'low': 34830.0, 'close': 34929.35}"
2021:06:10 13:45:07 IST +0530,35088.5,25,"{'open': 34980.0, 'high': 35176.0, 'low': 34830.0, 'close': 34929.35}"
2021:06:10 13:45:08 IST +0530,35088.05,25,"{'open': 34980.0, 'high': 35176.0, 'low': 34830.0, 'close': 34929.35}"
2021:06:10 13:45:09 IST +0530,35082.05,25,"{'open': 34980.0, 'high': 35176.0, 'low': 34830.0, 'close': 34929.35}"
2021:06:10 13:45:09 IST +0530,35084.15,25,"{'open': 34980.0, 'high': 35176.0, 'low': 34830.0, 'close': 34929.35}"
2021:06:10 13:45:10 IST +0530,35080.2,25,"{'open': 34980.0, 'high': 35176.0, 'low': 34830.0, 'close': 34929.35}"
2021:06:10 13:45:10 IST +0530,35080.2,25,"{'open': 34980.0, 'high': 35176.0, 'low': 34830.0, 'close': 34929.35}"
2021:06:10 13:45:11 IST +0530,35080.0,25,"{'open': 34980.0, 'high': 35176.0, 'low': 34830.0, 'close': 34929.35}"
2021:06:10 13:45:12 IST +0530,35080.0,25,"{'open': 34980.0, 'high': 35176.0, 'low': 34830.0, 'close': 34929.35}"
2021:06:10 13:45:12 IST +0530,35080.0,25,"{'open': 34980.0, 'high': 35176.0, 'low': 34830.0, 'close': 34929.35}"
2021:06:10 13:45:13 IST +0530,35080.0,25,"{'open': 34980.0, 'high': 35176.0, 'low': 34830.0, 'close': 34929.35}"
2021:06:10 13:45:14 IST +0530,35082.15,25,"{'open': 34980.0, 'high': 35176.0, 'low': 34830.0, 'close': 34929.35}"
2021:06:10 13:45:14 IST +0530,35082.15,25,"{'open': 34980.0, 'high': 35176.0, 'low': 34830.0, 'close': 34929.35}"
2021:06:10 13:45:15 IST +0530,35086.05,25,"{'open': 34980.0, 'high': 35176.0, 'low': 34830.0, 'close': 34929.35}"
2021:06:10 13:45:15 IST +0530,35083.6,25,"{'open': 34980.0, 'high': 35176.0, 'low': 34830.0, 'close': 34929.35}"
2021:06:10 16:14:12 IST +0530,35091.15,25,"{'open': 34980.0, 'high': 35176.0, 'low': 34830.0, 'close': 34929.35}"
