2021:06:10 13:40:24 IST +0530,245.4,25,"{'open': 180.0, 'high': 300.0, 'low': 113.85, 'close': 171.0}"
2021:06:10 13:40:24 IST +0530,244.0,25,"{'open': 180.0, 'high': 300.0, 'low': 113.85, 'close': 171.0}"
2021:06:10 13:40:25 IST +0530,245.4,25,"{'open': 180.0, 'high': 300.0, 'low': 113.85, 'close': 171.0}"
2021:06:10 13:40:25 IST +0530,245.0,25,"{'open': 180.0, 'high': 300.0, 'low': 113.85, 'close': 171.0}"
2021:06:10 13:40:26 IST +0530,244.5,125,"{'open': 180.0, 'high': 300.0, 'low': 113.85, 'close': 171.0}"
2021:06:10 13:40:27 IST +0530,247.0,25,"{'open': 180.0, 'high': 300.0, 'low': 113.85, 'close': 171.0}"
2021:06:10 13:40:27 IST +0530,247.0,25,"{'open': 180.0, 'high': 300.0, 'low': 113.85, 'close': 171.0}"
2021:06:10 13:40:28 IST +0530,247.6,25,"{'open': 180.0, 'high': 300.0, 'low': 113.85, 'close': 171.0}"
2021:06:10 13:40:29 IST +0530,246.3,25,"{'open': 180.0, 'high': 300.0, 'low': 113.85, 'close': 171.0}"
2021:06:10 13:40:29 IST +0530,247.25,125,"{'open': 180.0, 'high': 300.0, 'low': 113.85, 'close': 171.0}"
2021:06:10 13:40:30 IST +0530,249.0,25,"{'open': 180.0, 'high': 300.0, 'low': 113.85, 'close': 171.0}"
2021:06:10 13:40:30 IST +0530,248.3,50,"{'open': 180.0, 'high': 300.0, 'low': 113.85, 'close': 171.0}"
2021:06:10 13:40:31 IST +0530,245.0,25,"{'open': 180.0, 'high': 300.0, 'low': 113.85, 'close': 171.0}"
2021:06:10 13:40:31 IST +0530,246.3,25,"{'open': 180.0, 'high': 300.0, 'low': 113.85, 'close': 171.0}"
2021:06:10 13:40:32 IST +0530,247.5,25,"{'open': 180.0, 'high': 300.0, 'low': 113.85, 'close': 171.0}"
2021:06:10 13:40:33 IST +0530,247.5,25,"{'open': 180.0, 'high': 300.0, 'low': 113.85, 'close': 171.0}"
2021:06:10 13:40:33 IST +0530,249.0,50,"{'open': 180.0, 'high': 300.0, 'low': 113.85, 'close': 171.0}"
2021:06:10 13:40:34 IST +0530,249.0,50,"{'open': 180.0, 'high': 300.0, 'low': 113.85, 'close': 171.0}"
2021:06:10 13:40:35 IST +0530,246.35,25,"{'open': 180.0, 'high': 300.0, 'low': 113.85, 'close': 171.0}"
2021:06:10 13:40:35 IST +0530,250.3,25,"{'open': 180.0, 'high': 300.0, 'low': 113.85, 'close': 171.0}"
2021:06:10 13:40:36 IST +0530,249.7,25,"{'open': 180.0, 'high': 300.0, 'low': 113.85, 'close': 171.0}"
2021:06:10 13:40:36 IST +0530,249.5,25,"{'open': 180.0, 'high': 300.0, 'low': 113.85, 'close': 171.0}"
2021:06:10 13:40:37 IST +0530,250.0,25,"{'open': 180.0, 'high': 300.0, 'low': 113.85, 'close': 171.0}"
2021:06:10 13:40:38 IST +0530,252.05,25,"{'open': 180.0, 'high': 300.0, 'low': 113.85, 'close': 171.0}"
2021:06:10 13:40:38 IST +0530,253.1,25,"{'open': 180.0, 'high': 300.0, 'low': 113.85, 'close': 171.0}"
2021:06:10 13:40:39 IST +0530,257.0,200,"{'open': 180.0, 'high': 300.0, 'low': 113.85, 'close': 171.0}"
2021:06:10 13:40:39 IST +0530,254.6,25,"{'open': 180.0, 'high': 300.0, 'low': 113.85, 'close': 171.0}"
2021:06:10 13:40:40 IST +0530,256.5,25,"{'open': 180.0, 'high': 300.0, 'low': 113.85, 'close': 171.0}"
2021:06:10 13:40:41 IST +0530,254.5,25,"{'open': 180.0, 'high': 300.0, 'low': 113.85, 'close': 171.0}"
2021:06:10 13:40:41 IST +0530,252.5,25,"{'open': 180.0, 'high': 300.0, 'low': 113.85, 'close': 171.0}"
2021:06:10 13:40:42 IST +0530,252.15,50,"{'open': 180.0, 'high': 300.0, 'low': 113.85, 'close': 171.0}"
2021:06:10 13:40:42 IST +0530,250.65,25,"{'open': 180.0, 'high': 300.0, 'low': 113.85, 'close': 171.0}"
2021:06:10 13:40:43 IST +0530,246.3,25,"{'open': 180.0, 'high': 300.0, 'low': 113.85, 'close': 171.0}"
2021:06:10 13:40:44 IST +0530,250.3,25,"{'open': 180.0, 'high': 300.0, 'low': 113.85, 'close': 171.0}"
2021:06:10 13:40:44 IST +0530,249.55,25,"{'open': 180.0, 'high': 300.0, 'low': 113.85, 'close': 171.0}"
2021:06:10 13:40:45 IST +0530,248.9,50,"{'open': 180.0, 'high': 300.0, 'low': 113.85, 'close': 171.0}"
2021:06:10 13:40:45 IST +0530,248.9,50,"{'open': 180.0, 'high': 300.0, 'low': 113.85, 'close': 171.0}"
2021:06:10 13:40:46 IST +0530,249.8,25,"{'open': 180.0, 'high': 300.0, 'low': 113.85, 'close': 171.0}"
2021:06:10 13:40:47 IST +0530,248.35,25,"{'open': 180.0, 'high': 300.0, 'low': 113.85, 'close': 171.0}"
2021:06:10 13:40:47 IST +0530,248.8,25,"{'open': 180.0, 'high': 300.0, 'low': 113.85, 'close': 171.0}"
2021:06:10 13:40:48 IST +0530,244.7,25,"{'open': 180.0, 'high': 300.0, 'low': 113.85, 'close': 171.0}"
2021:06:10 13:40:48 IST +0530,245.25,50,"{'open': 180.0, 'high': 300.0, 'low': 113.85, 'close': 171.0}"
2021:06:10 13:40:49 IST +0530,244.05,25,"{'open': 180.0, 'high': 300.0, 'low': 113.85, 'close': 171.0}"
2021:06:10 13:40:50 IST +0530,242.15,25,"{'open': 180.0, 'high': 300.0, 'low': 113.85, 'close': 171.0}"
2021:06:10 13:40:50 IST +0530,244.5,25,"{'open': 180.0, 'high': 300.0, 'low': 113.85, 'close': 171.0}"
2021:06:10 13:40:51 IST +0530,244.7,50,"{'open': 180.0, 'high': 300.0, 'low': 113.85, 'close': 171.0}"
2021:06:10 13:40:51 IST +0530,246.65,25,"{'open': 180.0, 'high': 300.0, 'low': 113.85, 'close': 171.0}"
2021:06:10 13:40:52 IST +0530,246.55,25,"{'open': 180.0, 'high': 300.0, 'low': 113.85, 'close': 171.0}"
2021:06:10 13:40:52 IST +0530,247.4,25,"{'open': 180.0, 'high': 300.0, 'low': 113.85, 'close': 171.0}"
2021:06:10 13:40:53 IST +0530,245.0,50,"{'open': 180.0, 'high': 300.0, 'low': 113.85, 'close': 171.0}"
2021:06:10 13:40:54 IST +0530,243.5,25,"{'open': 180.0, 'high': 300.0, 'low': 113.85, 'close': 171.0}"
2021:06:10 13:40:54 IST +0530,243.5,25,"{'open': 180.0, 'high': 300.0, 'low': 113.85, 'close': 171.0}"
2021:06:10 13:40:55 IST +0530,245.15,50,"{'open': 180.0, 'high': 300.0, 'low': 113.85, 'close': 171.0}"
2021:06:10 13:40:55 IST +0530,245.15,50,"{'open': 180.0, 'high': 300.0, 'low': 113.85, 'close': 171.0}"
2021:06:10 13:40:56 IST +0530,245.1,25,"{'open': 180.0, 'high': 300.0, 'low': 113.85, 'close': 171.0}"
2021:06:10 13:40:57 IST +0530,246.95,25,"{'open': 180.0, 'high': 300.0, 'low': 113.85, 'close': 171.0}"
2021:06:10 13:40:57 IST +0530,246.0,25,"{'open': 180.0, 'high': 300.0, 'low': 113.85, 'close': 171.0}"
2021:06:10 13:40:58 IST +0530,245.0,25,"{'open': 180.0, 'high': 300.0, 'low': 113.85, 'close': 171.0}"
2021:06:10 13:40:58 IST +0530,244.6,50,"{'open': 180.0, 'high': 300.0, 'low': 113.85, 'close': 171.0}"
2021:06:10 13:40:59 IST +0530,243.95,25,"{'open': 180.0, 'high': 300.0, 'low': 113.85, 'close': 171.0}"
2021:06:10 13:41:00 IST +0530,245.85,100,"{'open': 180.0, 'high': 300.0, 'low': 113.85, 'close': 171.0}"
2021:06:10 13:41:00 IST +0530,247.0,50,"{'open': 180.0, 'high': 300.0, 'low': 113.85, 'close': 171.0}"
2021:06:10 13:41:01 IST +0530,247.4,50,"{'open': 180.0, 'high': 300.0, 'low': 113.85, 'close': 171.0}"
2021:06:10 13:41:02 IST +0530,247.0,25,"{'open': 180.0, 'high': 300.0, 'low': 113.85, 'close': 171.0}"
2021:06:10 13:41:02 IST +0530,247.6,1775,"{'open': 180.0, 'high': 300.0, 'low': 113.85, 'close': 171.0}"
2021:06:10 13:41:03 IST +0530,248.8,25,"{'open': 180.0, 'high': 300.0, 'low': 113.85, 'close': 171.0}"
2021:06:10 13:41:03 IST +0530,249.55,50,"{'open': 180.0, 'high': 300.0, 'low': 113.85, 'close': 171.0}"
2021:06:10 13:41:04 IST +0530,247.5,25,"{'open': 180.0, 'high': 300.0, 'low': 113.85, 'close': 171.0}"
2021:06:10 13:41:04 IST +0530,246.3,50,"{'open': 180.0, 'high': 300.0, 'low': 113.85, 'close': 171.0}"
2021:06:10 13:41:05 IST +0530,242.9,50,"{'open': 180.0, 'high': 300.0, 'low': 113.85, 'close': 171.0}"
2021:06:10 13:41:06 IST +0530,244.05,50,"{'open': 180.0, 'high': 300.0, 'low': 113.85, 'close': 171.0}"
2021:06:10 13:41:06 IST +0530,243.95,50,"{'open': 180.0, 'high': 300.0, 'low': 113.85, 'close': 171.0}"
2021:06:10 13:41:07 IST +0530,243.4,25,"{'open': 180.0, 'high': 300.0, 'low': 113.85, 'close': 171.0}"
2021:06:10 13:41:07 IST +0530,242.1,25,"{'open': 180.0, 'high': 300.0, 'low': 113.85, 'close': 171.0}"
2021:06:10 13:41:08 IST +0530,242.05,25,"{'open': 180.0, 'high': 300.0, 'low': 113.85, 'close': 171.0}"
2021:06:10 13:41:09 IST +0530,241.0,50,"{'open': 180.0, 'high': 300.0, 'low': 113.85, 'close': 171.0}"
2021:06:10 13:41:09 IST +0530,240.5,25,"{'open': 180.0, 'high': 300.0, 'low': 113.85, 'close': 171.0}"
2021:06:10 13:41:10 IST +0530,243.0,25,"{'open': 180.0, 'high': 300.0, 'low': 113.85, 'close': 171.0}"
2021:06:10 13:41:10 IST +0530,244.25,125,"{'open': 180.0, 'high': 300.0, 'low': 113.85, 'close': 171.0}"
2021:06:10 13:41:11 IST +0530,244.55,25,"{'open': 180.0, 'high': 300.0, 'low': 113.85, 'close': 171.0}"
2021:06:10 13:41:12 IST +0530,244.55,25,"{'open': 180.0, 'high': 300.0, 'low': 113.85, 'close': 171.0}"
2021:06:10 13:41:12 IST +0530,246.0,50,"{'open': 180.0, 'high': 300.0, 'low': 113.85, 'close': 171.0}"
2021:06:10 13:41:13 IST +0530,245.95,25,"{'open': 180.0, 'high': 300.0, 'low': 113.85, 'close': 171.0}"
2021:06:10 13:41:13 IST +0530,244.05,25,"{'open': 180.0, 'high': 300.0, 'low': 113.85, 'close': 171.0}"
2021:06:10 13:41:14 IST +0530,241.75,50,"{'open': 180.0, 'high': 300.0, 'low': 113.85, 'close': 171.0}"
2021:06:10 13:41:15 IST +0530,241.0,300,"{'open': 180.0, 'high': 300.0, 'low': 113.85, 'close': 171.0}"
2021:06:10 13:41:15 IST +0530,238.8,25,"{'open': 180.0, 'high': 300.0, 'low': 113.85, 'close': 171.0}"
2021:06:10 13:41:16 IST +0530,238.0,25,"{'open': 180.0, 'high': 300.0, 'low': 113.85, 'close': 171.0}"
2021:06:10 13:41:17 IST +0530,236.0,25,"{'open': 180.0, 'high': 300.0, 'low': 113.85, 'close': 171.0}"
2021:06:10 13:41:17 IST +0530,235.4,25,"{'open': 180.0, 'high': 300.0, 'low': 113.85, 'close': 171.0}"
2021:06:10 13:41:18 IST +0530,235.65,25,"{'open': 180.0, 'high': 300.0, 'low': 113.85, 'close': 171.0}"
2021:06:10 13:41:18 IST +0530,237.55,25,"{'open': 180.0, 'high': 300.0, 'low': 113.85, 'close': 171.0}"
2021:06:10 13:41:19 IST +0530,234.05,25,"{'open': 180.0, 'high': 300.0, 'low': 113.85, 'close': 171.0}"
2021:06:10 13:41:19 IST +0530,235.55,25,"{'open': 180.0, 'high': 300.0, 'low': 113.85, 'close': 171.0}"
2021:06:10 13:41:20 IST +0530,235.3,25,"{'open': 180.0, 'high': 300.0, 'low': 113.85, 'close': 171.0}"
2021:06:10 13:41:21 IST +0530,239.85,25,"{'open': 180.0, 'high': 300.0, 'low': 113.85, 'close': 171.0}"
2021:06:10 13:41:21 IST +0530,241.0,25,"{'open': 180.0, 'high': 300.0, 'low': 113.85, 'close': 171.0}"
2021:06:10 13:41:22 IST +0530,238.3,25,"{'open': 180.0, 'high': 300.0, 'low': 113.85, 'close': 171.0}"
2021:06:10 13:41:22 IST +0530,238.45,50,"{'open': 180.0, 'high': 300.0, 'low': 113.85, 'close': 171.0}"
2021:06:10 13:41:23 IST +0530,236.8,25,"{'open': 180.0, 'high': 300.0, 'low': 113.85, 'close': 171.0}"
2021:06:10 13:41:24 IST +0530,239.0,25,"{'open': 180.0, 'high': 300.0, 'low': 113.85, 'close': 171.0}"
2021:06:10 13:41:24 IST +0530,238.15,25,"{'open': 180.0, 'high': 300.0, 'low': 113.85, 'close': 171.0}"
2021:06:10 13:41:25 IST +0530,237.35,25,"{'open': 180.0, 'high': 300.0, 'low': 113.85, 'close': 171.0}"
2021:06:10 13:41:26 IST +0530,237.15,25,"{'open': 180.0, 'high': 300.0, 'low': 113.85, 'close': 171.0}"
2021:06:10 13:41:26 IST +0530,238.85,25,"{'open': 180.0, 'high': 300.0, 'low': 113.85, 'close': 171.0}"
2021:06:10 13:41:27 IST +0530,236.4,25,"{'open': 180.0, 'high': 300.0, 'low': 113.85, 'close': 171.0}"
2021:06:10 13:41:27 IST +0530,236.95,25,"{'open': 180.0, 'high': 300.0, 'low': 113.85, 'close': 171.0}"
2021:06:10 13:41:28 IST +0530,237.2,25,"{'open': 180.0, 'high': 300.0, 'low': 113.85, 'close': 171.0}"
2021:06:10 13:41:28 IST +0530,237.4,25,"{'open': 180.0, 'high': 300.0, 'low': 113.85, 'close': 171.0}"
2021:06:10 13:41:29 IST +0530,239.0,250,"{'open': 180.0, 'high': 300.0, 'low': 113.85, 'close': 171.0}"
2021:06:10 13:41:30 IST +0530,239.8,25,"{'open': 180.0, 'high': 300.0, 'low': 113.85, 'close': 171.0}"
2021:06:10 13:41:30 IST +0530,242.05,50,"{'open': 180.0, 'high': 300.0, 'low': 113.85, 'close': 171.0}"
2021:06:10 13:41:31 IST +0530,241.7,25,"{'open': 180.0, 'high': 300.0, 'low': 113.85, 'close': 171.0}"
2021:06:10 13:41:31 IST +0530,241.7,25,"{'open': 180.0, 'high': 300.0, 'low': 113.85, 'close': 171.0}"
2021:06:10 13:41:32 IST +0530,238.0,25,"{'open': 180.0, 'high': 300.0, 'low': 113.85, 'close': 171.0}"
2021:06:10 13:41:33 IST +0530,236.15,25,"{'open': 180.0, 'high': 300.0, 'low': 113.85, 'close': 171.0}"
2021:06:10 13:41:33 IST +0530,236.95,25,"{'open': 180.0, 'high': 300.0, 'low': 113.85, 'close': 171.0}"
2021:06:10 13:41:34 IST +0530,237.75,50,"{'open': 180.0, 'high': 300.0, 'low': 113.85, 'close': 171.0}"
2021:06:10 13:41:34 IST +0530,236.5,25,"{'open': 180.0, 'high': 300.0, 'low': 113.85, 'close': 171.0}"
2021:06:10 13:41:35 IST +0530,237.9,25,"{'open': 180.0, 'high': 300.0, 'low': 113.85, 'close': 171.0}"
2021:06:10 13:41:36 IST +0530,237.75,75,"{'open': 180.0, 'high': 300.0, 'low': 113.85, 'close': 171.0}"
2021:06:10 13:41:36 IST +0530,238.3,25,"{'open': 180.0, 'high': 300.0, 'low': 113.85, 'close': 171.0}"
2021:06:10 13:41:37 IST +0530,236.35,25,"{'open': 180.0, 'high': 300.0, 'low': 113.85, 'close': 171.0}"
2021:06:10 13:41:38 IST +0530,235.6,25,"{'open': 180.0, 'high': 300.0, 'low': 113.85, 'close': 171.0}"
2021:06:10 13:41:38 IST +0530,236.9,75,"{'open': 180.0, 'high': 300.0, 'low': 113.85, 'close': 171.0}"
2021:06:10 13:41:39 IST +0530,236.3,25,"{'open': 180.0, 'high': 300.0, 'low': 113.85, 'close': 171.0}"
2021:06:10 13:41:39 IST +0530,237.8,25,"{'open': 180.0, 'high': 300.0, 'low': 113.85, 'close': 171.0}"
2021:06:10 13:41:40 IST +0530,235.05,25,"{'open': 180.0, 'high': 300.0, 'low': 113.85, 'close': 171.0}"
2021:06:10 13:41:40 IST +0530,236.6,25,"{'open': 180.0, 'high': 300.0, 'low': 113.85, 'close': 171.0}"
2021:06:10 13:41:41 IST +0530,235.0,25,"{'open': 180.0, 'high': 300.0, 'low': 113.85, 'close': 171.0}"
2021:06:10 13:41:42 IST +0530,235.0,25,"{'open': 180.0, 'high': 300.0, 'low': 113.85, 'close': 171.0}"
2021:06:10 13:41:42 IST +0530,235.7,25,"{'open': 180.0, 'high': 300.0, 'low': 113.85, 'close': 171.0}"
2021:06:10 13:41:43 IST +0530,235.1,100,"{'open': 180.0, 'high': 300.0, 'low': 113.85, 'close': 171.0}"
2021:06:10 13:41:43 IST +0530,233.05,25,"{'open': 180.0, 'high': 300.0, 'low': 113.85, 'close': 171.0}"
2021:06:10 13:41:44 IST +0530,236.85,25,"{'open': 180.0, 'high': 300.0, 'low': 113.85, 'close': 171.0}"
2021:06:10 13:41:45 IST +0530,237.75,25,"{'open': 180.0, 'high': 300.0, 'low': 113.85, 'close': 171.0}"
2021:06:10 13:41:45 IST +0530,236.95,25,"{'open': 180.0, 'high': 300.0, 'low': 113.85, 'close': 171.0}"
2021:06:10 13:41:46 IST +0530,234.5,50,"{'open': 180.0, 'high': 300.0, 'low': 113.85, 'close': 171.0}"
2021:06:10 13:41:46 IST +0530,233.5,25,"{'open': 180.0, 'high': 300.0, 'low': 113.85, 'close': 171.0}"
2021:06:10 13:41:47 IST +0530,233.8,25,"{'open': 180.0, 'high': 300.0, 'low': 113.85, 'close': 171.0}"
2021:06:10 13:41:48 IST +0530,232.65,25,"{'open': 180.0, 'high': 300.0, 'low': 113.85, 'close': 171.0}"
2021:06:10 13:41:49 IST +0530,232.85,25,"{'open': 180.0, 'high': 300.0, 'low': 113.85, 'close': 171.0}"
2021:06:10 13:41:49 IST +0530,233.1,25,"{'open': 180.0, 'high': 300.0, 'low': 113.85, 'close': 171.0}"
2021:06:10 13:41:50 IST +0530,233.85,25,"{'open': 180.0, 'high': 300.0, 'low': 113.85, 'close': 171.0}"
2021:06:10 13:41:51 IST +0530,233.4,25,"{'open': 180.0, 'high': 300.0, 'low': 113.85, 'close': 171.0}"
2021:06:10 13:41:51 IST +0530,233.55,25,"{'open': 180.0, 'high': 300.0, 'low': 113.85, 'close': 171.0}"
2021:06:10 13:41:52 IST +0530,231.7,25,"{'open': 180.0, 'high': 300.0, 'low': 113.85, 'close': 171.0}"
2021:06:10 13:41:53 IST +0530,233.65,25,"{'open': 180.0, 'high': 300.0, 'low': 113.85, 'close': 171.0}"
2021:06:10 13:41:53 IST +0530,232.65,25,"{'open': 180.0, 'high': 300.0, 'low': 113.85, 'close': 171.0}"
2021:06:10 13:41:54 IST +0530,233.85,25,"{'open': 180.0, 'high': 300.0, 'low': 113.85, 'close': 171.0}"
2021:06:10 13:41:54 IST +0530,237.8,25,"{'open': 180.0, 'high': 300.0, 'low': 113.85, 'close': 171.0}"
2021:06:10 13:41:55 IST +0530,239.55,25,"{'open': 180.0, 'high': 300.0, 'low': 113.85, 'close': 171.0}"
2021:06:10 13:41:55 IST +0530,239.5,25,"{'open': 180.0, 'high': 300.0, 'low': 113.85, 'close': 171.0}"
2021:06:10 13:41:56 IST +0530,241.0,25,"{'open': 180.0, 'high': 300.0, 'low': 113.85, 'close': 171.0}"
2021:06:10 13:41:57 IST +0530,241.0,25,"{'open': 180.0, 'high': 300.0, 'low': 113.85, 'close': 171.0}"
2021:06:10 13:41:57 IST +0530,242.25,25,"{'open': 180.0, 'high': 300.0, 'low': 113.85, 'close': 171.0}"
2021:06:10 13:41:58 IST +0530,240.1,25,"{'open': 180.0, 'high': 300.0, 'low': 113.85, 'close': 171.0}"
2021:06:10 13:41:58 IST +0530,235.4,25,"{'open': 180.0, 'high': 300.0, 'low': 113.85, 'close': 171.0}"
2021:06:10 13:41:59 IST +0530,237.2,25,"{'open': 180.0, 'high': 300.0, 'low': 113.85, 'close': 171.0}"
2021:06:10 13:42:00 IST +0530,237.3,25,"{'open': 180.0, 'high': 300.0, 'low': 113.85, 'close': 171.0}"
2021:06:10 13:42:00 IST +0530,235.35,25,"{'open': 180.0, 'high': 300.0, 'low': 113.85, 'close': 171.0}"
2021:06:10 13:42:01 IST +0530,235.35,25,"{'open': 180.0, 'high': 300.0, 'low': 113.85, 'close': 171.0}"
2021:06:10 13:42:01 IST +0530,234.8,25,"{'open': 180.0, 'high': 300.0, 'low': 113.85, 'close': 171.0}"
2021:06:10 13:42:02 IST +0530,235.5,125,"{'open': 180.0, 'high': 300.0, 'low': 113.85, 'close': 171.0}"
2021:06:10 13:42:03 IST +0530,234.75,25,"{'open': 180.0, 'high': 300.0, 'low': 113.85, 'close': 171.0}"
2021:06:10 13:42:03 IST +0530,236.3,25,"{'open': 180.0, 'high': 300.0, 'low': 113.85, 'close': 171.0}"
2021:06:10 13:42:04 IST +0530,236.2,25,"{'open': 180.0, 'high': 300.0, 'low': 113.85, 'close': 171.0}"
2021:06:10 13:42:04 IST +0530,237.0,25,"{'open': 180.0, 'high': 300.0, 'low': 113.85, 'close': 171.0}"
2021:06:10 13:42:05 IST +0530,236.0,25,"{'open': 180.0, 'high': 300.0, 'low': 113.85, 'close': 171.0}"
2021:06:10 13:42:06 IST +0530,237.1,25,"{'open': 180.0, 'high': 300.0, 'low': 113.85, 'close': 171.0}"
2021:06:10 13:42:06 IST +0530,237.05,25,"{'open': 180.0, 'high': 300.0, 'low': 113.85, 'close': 171.0}"
2021:06:10 13:42:07 IST +0530,236.0,25,"{'open': 180.0, 'high': 300.0, 'low': 113.85, 'close': 171.0}"
2021:06:10 13:42:07 IST +0530,235.2,25,"{'open': 180.0, 'high': 300.0, 'low': 113.85, 'close': 171.0}"
2021:06:10 13:42:08 IST +0530,235.35,25,"{'open': 180.0, 'high': 300.0, 'low': 113.85, 'close': 171.0}"
2021:06:10 13:42:09 IST +0530,232.65,25,"{'open': 180.0, 'high': 300.0, 'low': 113.85, 'close': 171.0}"
2021:06:10 13:42:09 IST +0530,232.0,100,"{'open': 180.0, 'high': 300.0, 'low': 113.85, 'close': 171.0}"
2021:06:10 13:42:10 IST +0530,232.85,25,"{'open': 180.0, 'high': 300.0, 'low': 113.85, 'close': 171.0}"
2021:06:10 13:42:11 IST +0530,235.0,25,"{'open': 180.0, 'high': 300.0, 'low': 113.85, 'close': 171.0}"
2021:06:10 13:42:11 IST +0530,236.75,25,"{'open': 180.0, 'high': 300.0, 'low': 113.85, 'close': 171.0}"
2021:06:10 13:42:12 IST +0530,237.65,25,"{'open': 180.0, 'high': 300.0, 'low': 113.85, 'close': 171.0}"
2021:06:10 13:42:12 IST +0530,237.1,25,"{'open': 180.0, 'high': 300.0, 'low': 113.85, 'close': 171.0}"
2021:06:10 13:42:13 IST +0530,235.0,150,"{'open': 180.0, 'high': 300.0, 'low': 113.85, 'close': 171.0}"
2021:06:10 13:42:13 IST +0530,230.4,25,"{'open': 180.0, 'high': 300.0, 'low': 113.85, 'close': 171.0}"
2021:06:10 13:42:14 IST +0530,231.25,25,"{'open': 180.0, 'high': 300.0, 'low': 113.85, 'close': 171.0}"
2021:06:10 13:42:15 IST +0530,230.8,25,"{'open': 180.0, 'high': 300.0, 'low': 113.85, 'close': 171.0}"
2021:06:10 13:42:15 IST +0530,230.9,25,"{'open': 180.0, 'high': 300.0, 'low': 113.85, 'close': 171.0}"
2021:06:10 13:42:16 IST +0530,224.1,25,"{'open': 180.0, 'high': 300.0, 'low': 113.85, 'close': 171.0}"
2021:06:10 13:42:16 IST +0530,219.2,25,"{'open': 180.0, 'high': 300.0, 'low': 113.85, 'close': 171.0}"
2021:06:10 13:42:17 IST +0530,218.35,25,"{'open': 180.0, 'high': 300.0, 'low': 113.85, 'close': 171.0}"
2021:06:10 13:42:18 IST +0530,218.35,100,"{'open': 180.0, 'high': 300.0, 'low': 113.85, 'close': 171.0}"
2021:06:10 13:42:18 IST +0530,218.35,25,"{'open': 180.0, 'high': 300.0, 'low': 113.85, 'close': 171.0}"
2021:06:10 13:42:19 IST +0530,218.25,175,"{'open': 180.0, 'high': 300.0, 'low': 113.85, 'close': 171.0}"
2021:06:10 13:42:19 IST +0530,220.85,25,"{'open': 180.0, 'high': 300.0, 'low': 113.85, 'close': 171.0}"
2021:06:10 13:42:20 IST +0530,219.65,25,"{'open': 180.0, 'high': 300.0, 'low': 113.85, 'close': 171.0}"
2021:06:10 13:42:21 IST +0530,220.75,25,"{'open': 180.0, 'high': 300.0, 'low': 113.85, 'close': 171.0}"
2021:06:10 13:42:21 IST +0530,223.8,25,"{'open': 180.0, 'high': 300.0, 'low': 113.85, 'close': 171.0}"
2021:06:10 13:42:22 IST +0530,219.55,25,"{'open': 180.0, 'high': 300.0, 'low': 113.85, 'close': 171.0}"
2021:06:10 13:42:22 IST +0530,219.2,50,"{'open': 180.0, 'high': 300.0, 'low': 113.85, 'close': 171.0}"
2021:06:10 13:42:23 IST +0530,220.25,50,"{'open': 180.0, 'high': 300.0, 'low': 113.85, 'close': 171.0}"
2021:06:10 13:42:24 IST +0530,220.1,25,"{'open': 180.0, 'high': 300.0, 'low': 113.85, 'close': 171.0}"
2021:06:10 13:42:24 IST +0530,218.05,25,"{'open': 180.0, 'high': 300.0, 'low': 113.85, 'close': 171.0}"
2021:06:10 13:42:25 IST +0530,212.8,25,"{'open': 180.0, 'high': 300.0, 'low': 113.85, 'close': 171.0}"
2021:06:10 13:42:25 IST +0530,210.0,25,"{'open': 180.0, 'high': 300.0, 'low': 113.85, 'close': 171.0}"
2021:06:10 13:42:26 IST +0530,205.5,25,"{'open': 180.0, 'high': 300.0, 'low': 113.85, 'close': 171.0}"
2021:06:10 13:42:27 IST +0530,202.85,25,"{'open': 180.0, 'high': 300.0, 'low': 113.85, 'close': 171.0}"
2021:06:10 13:42:27 IST +0530,203.7,50,"{'open': 180.0, 'high': 300.0, 'low': 113.85, 'close': 171.0}"
2021:06:10 13:42:28 IST +0530,204.2,25,"{'open': 180.0, 'high': 300.0, 'low': 113.85, 'close': 171.0}"
2021:06:10 13:42:29 IST +0530,202.3,50,"{'open': 180.0, 'high': 300.0, 'low': 113.85, 'close': 171.0}"
2021:06:10 13:42:29 IST +0530,204.35,25,"{'open': 180.0, 'high': 300.0, 'low': 113.85, 'close': 171.0}"
2021:06:10 13:42:30 IST +0530,207.45,25,"{'open': 180.0, 'high': 300.0, 'low': 113.85, 'close': 171.0}"
2021:06:10 13:42:30 IST +0530,209.2,25,"{'open': 180.0, 'high': 300.0, 'low': 113.85, 'close': 171.0}"
2021:06:10 13:42:31 IST +0530,211.05,25,"{'open': 180.0, 'high': 300.0, 'low': 113.85, 'close': 171.0}"
2021:06:10 13:42:32 IST +0530,212.9,25,"{'open': 180.0, 'high': 300.0, 'low': 113.85, 'close': 171.0}"
2021:06:10 13:42:32 IST +0530,210.75,25,"{'open': 180.0, 'high': 300.0, 'low': 113.85, 'close': 171.0}"
2021:06:10 13:42:33 IST +0530,206.7,50,"{'open': 180.0, 'high': 300.0, 'low': 113.85, 'close': 171.0}"
2021:06:10 13:42:33 IST +0530,206.6,25,"{'open': 180.0, 'high': 300.0, 'low': 113.85, 'close': 171.0}"
2021:06:10 13:42:34 IST +0530,209.95,25,"{'open': 180.0, 'high': 300.0, 'low': 113.85, 'close': 171.0}"
2021:06:10 13:42:34 IST +0530,207.8,25,"{'open': 180.0, 'high': 300.0, 'low': 113.85, 'close': 171.0}"
2021:06:10 13:42:35 IST +0530,209.0,100,"{'open': 180.0, 'high': 300.0, 'low': 113.85, 'close': 171.0}"
2021:06:10 13:42:36 IST +0530,208.0,25,"{'open': 180.0, 'high': 300.0, 'low': 113.85, 'close': 171.0}"
2021:06:10 13:42:36 IST +0530,205.1,25,"{'open': 180.0, 'high': 300.0, 'low': 113.85, 'close': 171.0}"
2021:06:10 13:42:37 IST +0530,205.2,25,"{'open': 180.0, 'high': 300.0, 'low': 113.85, 'close': 171.0}"
2021:06:10 13:42:37 IST +0530,205.75,25,"{'open': 180.0, 'high': 300.0, 'low': 113.85, 'close': 171.0}"
2021:06:10 13:42:38 IST +0530,206.6,25,"{'open': 180.0, 'high': 300.0, 'low': 113.85, 'close': 171.0}"
2021:06:10 13:42:39 IST +0530,209.35,25,"{'open': 180.0, 'high': 300.0, 'low': 113.85, 'close': 171.0}"
2021:06:10 13:42:39 IST +0530,205.7,50,"{'open': 180.0, 'high': 300.0, 'low': 113.85, 'close': 171.0}"
2021:06:10 13:42:40 IST +0530,207.5,25,"{'open': 180.0, 'high': 300.0, 'low': 113.85, 'close': 171.0}"
2021:06:10 13:42:41 IST +0530,202.9,25,"{'open': 180.0, 'high': 300.0, 'low': 113.85, 'close': 171.0}"
2021:06:10 13:42:41 IST +0530,205.15,25,"{'open': 180.0, 'high': 300.0, 'low': 113.85, 'close': 171.0}"
2021:06:10 13:42:42 IST +0530,204.25,25,"{'open': 180.0, 'high': 300.0, 'low': 113.85, 'close': 171.0}"
2021:06:10 13:42:42 IST +0530,205.75,25,"{'open': 180.0, 'high': 300.0, 'low': 113.85, 'close': 171.0}"
2021:06:10 13:42:43 IST +0530,206.35,25,"{'open': 180.0, 'high': 300.0, 'low': 113.85, 'close': 171.0}"
2021:06:10 13:42:43 IST +0530,207.8,25,"{'open': 180.0, 'high': 300.0, 'low': 113.85, 'close': 171.0}"
2021:06:10 13:42:44 IST +0530,206.1,25,"{'open': 180.0, 'high': 300.0, 'low': 113.85, 'close': 171.0}"
2021:06:10 13:42:45 IST +0530,207.85,25,"{'open': 180.0, 'high': 300.0, 'low': 113.85, 'close': 171.0}"
2021:06:10 13:42:45 IST +0530,208.6,25,"{'open': 180.0, 'high': 300.0, 'low': 113.85, 'close': 171.0}"
2021:06:10 13:42:46 IST +0530,208.0,25,"{'open': 180.0, 'high': 300.0, 'low': 113.85, 'close': 171.0}"
2021:06:10 13:42:46 IST +0530,209.05,25,"{'open': 180.0, 'high': 300.0, 'low': 113.85, 'close': 171.0}"
2021:06:10 13:42:47 IST +0530,210.7,25,"{'open': 180.0, 'high': 300.0, 'low': 113.85, 'close': 171.0}"
2021:06:10 13:42:48 IST +0530,210.85,25,"{'open': 180.0, 'high': 300.0, 'low': 113.85, 'close': 171.0}"
2021:06:10 13:42:48 IST +0530,210.55,25,"{'open': 180.0, 'high': 300.0, 'low': 113.85, 'close': 171.0}"
2021:06:10 13:42:49 IST +0530,214.85,25,"{'open': 180.0, 'high': 300.0, 'low': 113.85, 'close': 171.0}"
2021:06:10 13:42:49 IST +0530,216.35,25,"{'open': 180.0, 'high': 300.0, 'low': 113.85, 'close': 171.0}"
2021:06:10 13:42:50 IST +0530,215.7,50,"{'open': 180.0, 'high': 300.0, 'low': 113.85, 'close': 171.0}"
2021:06:10 13:42:51 IST +0530,214.65,25,"{'open': 180.0, 'high': 300.0, 'low': 113.85, 'close': 171.0}"
2021:06:10 13:42:51 IST +0530,218.05,25,"{'open': 180.0, 'high': 300.0, 'low': 113.85, 'close': 171.0}"
2021:06:10 13:42:52 IST +0530,219.7,25,"{'open': 180.0, 'high': 300.0, 'low': 113.85, 'close': 171.0}"
2021:06:10 13:42:52 IST +0530,216.85,100,"{'open': 180.0, 'high': 300.0, 'low': 113.85, 'close': 171.0}"
2021:06:10 13:42:53 IST +0530,214.2,75,"{'open': 180.0, 'high': 300.0, 'low': 113.85, 'close': 171.0}"
2021:06:10 13:42:54 IST +0530,213.55,50,"{'open': 180.0, 'high': 300.0, 'low': 113.85, 'close': 171.0}"
2021:06:10 13:42:54 IST +0530,212.35,25,"{'open': 180.0, 'high': 300.0, 'low': 113.85, 'close': 171.0}"
2021:06:10 13:42:55 IST +0530,216.5,25,"{'open': 180.0, 'high': 300.0, 'low': 113.85, 'close': 171.0}"
2021:06:10 13:42:55 IST +0530,215.85,25,"{'open': 180.0, 'high': 300.0, 'low': 113.85, 'close': 171.0}"
2021:06:10 13:42:56 IST +0530,218.5,100,"{'open': 180.0, 'high': 300.0, 'low': 113.85, 'close': 171.0}"
2021:06:10 13:42:57 IST +0530,217.15,50,"{'open': 180.0, 'high': 300.0, 'low': 113.85, 'close': 171.0}"
2021:06:10 13:42:57 IST +0530,218.05,25,"{'open': 180.0, 'high': 300.0, 'low': 113.85, 'close': 171.0}"
2021:06:10 13:42:58 IST +0530,218.25,50,"{'open': 180.0, 'high': 300.0, 'low': 113.85, 'close': 171.0}"
2021:06:10 13:42:58 IST +0530,216.65,25,"{'open': 180.0, 'high': 300.0, 'low': 113.85, 'close': 171.0}"
2021:06:10 13:42:59 IST +0530,217.4,25,"{'open': 180.0, 'high': 300.0, 'low': 113.85, 'close': 171.0}"
2021:06:10 13:43:00 IST +0530,219.4,25,"{'open': 180.0, 'high': 300.0, 'low': 113.85, 'close': 171.0}"
2021:06:10 13:43:00 IST +0530,219.15,25,"{'open': 180.0, 'high': 300.0, 'low': 113.85, 'close': 171.0}"
2021:06:10 13:43:01 IST +0530,218.65,25,"{'open': 180.0, 'high': 300.0, 'low': 113.85, 'close': 171.0}"
2021:06:10 13:43:01 IST +0530,218.95,25,"{'open': 180.0, 'high': 300.0, 'low': 113.85, 'close': 171.0}"
2021:06:10 13:43:02 IST +0530,216.55,25,"{'open': 180.0, 'high': 300.0, 'low': 113.85, 'close': 171.0}"
2021:06:10 13:43:03 IST +0530,217.3,150,"{'open': 180.0, 'high': 300.0, 'low': 113.85, 'close': 171.0}"
2021:06:10 13:43:03 IST +0530,215.0,25,"{'open': 180.0, 'high': 300.0, 'low': 113.85, 'close': 171.0}"
2021:06:10 13:43:04 IST +0530,214.6,50,"{'open': 180.0, 'high': 300.0, 'low': 113.85, 'close': 171.0}"
2021:06:10 13:43:04 IST +0530,213.1,25,"{'open': 180.0, 'high': 300.0, 'low': 113.85, 'close': 171.0}"
2021:06:10 13:43:05 IST +0530,216.15,25,"{'open': 180.0, 'high': 300.0, 'low': 113.85, 'close': 171.0}"
2021:06:10 13:43:06 IST +0530,211.35,25,"{'open': 180.0, 'high': 300.0, 'low': 113.85, 'close': 171.0}"
2021:06:10 13:43:06 IST +0530,210.15,175,"{'open': 180.0, 'high': 300.0, 'low': 113.85, 'close': 171.0}"
2021:06:10 13:43:07 IST +0530,211.35,75,"{'open': 180.0, 'high': 300.0, 'low': 113.85, 'close': 171.0}"
2021:06:10 13:43:08 IST +0530,211.3,25,"{'open': 180.0, 'high': 300.0, 'low': 113.85, 'close': 171.0}"
2021:06:10 13:43:08 IST +0530,211.55,325,"{'open': 180.0, 'high': 300.0, 'low': 113.85, 'close': 171.0}"
2021:06:10 13:43:09 IST +0530,212.0,75,"{'open': 180.0, 'high': 300.0, 'low': 113.85, 'close': 171.0}"
2021:06:10 13:43:09 IST +0530,211.9,50,"{'open': 180.0, 'high': 300.0, 'low': 113.85, 'close': 171.0}"
2021:06:10 13:43:10 IST +0530,214.0,25,"{'open': 180.0, 'high': 300.0, 'low': 113.85, 'close': 171.0}"
2021:06:10 13:43:10 IST +0530,212.05,175,"{'open': 180.0, 'high': 300.0, 'low': 113.85, 'close': 171.0}"
2021:06:10 13:43:11 IST +0530,212.5,25,"{'open': 180.0, 'high': 300.0, 'low': 113.85, 'close': 171.0}"
2021:06:10 13:43:12 IST +0530,210.3,25,"{'open': 180.0, 'high': 300.0, 'low': 113.85, 'close': 171.0}"
2021:06:10 13:43:12 IST +0530,207.6,25,"{'open': 180.0, 'high': 300.0, 'low': 113.85, 'close': 171.0}"
2021:06:10 13:43:13 IST +0530,208.65,25,"{'open': 180.0, 'high': 300.0, 'low': 113.85, 'close': 171.0}"
2021:06:10 13:43:14 IST +0530,205.8,25,"{'open': 180.0, 'high': 300.0, 'low': 113.85, 'close': 171.0}"
2021:06:10 13:43:14 IST +0530,210.8,25,"{'open': 180.0, 'high': 300.0, 'low': 113.85, 'close': 171.0}"
2021:06:10 13:43:15 IST +0530,210.9,25,"{'open': 180.0, 'high': 300.0, 'low': 113.85, 'close': 171.0}"
2021:06:10 13:43:15 IST +0530,210.8,25,"{'open': 180.0, 'high': 300.0, 'low': 113.85, 'close': 171.0}"
2021:06:10 13:43:16 IST +0530,215.55,25,"{'open': 180.0, 'high': 300.0, 'low': 113.85, 'close': 171.0}"
2021:06:10 13:43:16 IST +0530,214.75,25,"{'open': 180.0, 'high': 300.0, 'low': 113.85, 'close': 171.0}"
2021:06:10 13:43:17 IST +0530,212.95,50,"{'open': 180.0, 'high': 300.0, 'low': 113.85, 'close': 171.0}"
2021:06:10 13:43:18 IST +0530,211.4,25,"{'open': 180.0, 'high': 300.0, 'low': 113.85, 'close': 171.0}"
2021:06:10 13:43:18 IST +0530,209.45,25,"{'open': 180.0, 'high': 300.0, 'low': 113.85, 'close': 171.0}"
2021:06:10 13:43:19 IST +0530,210.15,25,"{'open': 180.0, 'high': 300.0, 'low': 113.85, 'close': 171.0}"
2021:06:10 13:43:19 IST +0530,210.4,25,"{'open': 180.0, 'high': 300.0, 'low': 113.85, 'close': 171.0}"
2021:06:10 13:43:20 IST +0530,209.25,75,"{'open': 180.0, 'high': 300.0, 'low': 113.85, 'close': 171.0}"
2021:06:10 13:43:21 IST +0530,207.85,75,"{'open': 180.0, 'high': 300.0, 'low': 113.85, 'close': 171.0}"
2021:06:10 13:43:21 IST +0530,209.65,25,"{'open': 180.0, 'high': 300.0, 'low': 113.85, 'close': 171.0}"
2021:06:10 13:43:22 IST +0530,209.35,75,"{'open': 180.0, 'high': 300.0, 'low': 113.85, 'close': 171.0}"
2021:06:10 13:43:22 IST +0530,205.6,25,"{'open': 180.0, 'high': 300.0, 'low': 113.85, 'close': 171.0}"
2021:06:10 13:43:23 IST +0530,202.25,25,"{'open': 180.0, 'high': 300.0, 'low': 113.85, 'close': 171.0}"
2021:06:10 13:43:24 IST +0530,201.65,25,"{'open': 180.0, 'high': 300.0, 'low': 113.85, 'close': 171.0}"
2021:06:10 13:43:24 IST +0530,199.05,25,"{'open': 180.0, 'high': 300.0, 'low': 113.85, 'close': 171.0}"
2021:06:10 13:43:25 IST +0530,200.75,25,"{'open': 180.0, 'high': 300.0, 'low': 113.85, 'close': 171.0}"
2021:06:10 13:43:25 IST +0530,199.15,50,"{'open': 180.0, 'high': 300.0, 'low': 113.85, 'close': 171.0}"
2021:06:10 13:43:26 IST +0530,200.05,25,"{'open': 180.0, 'high': 300.0, 'low': 113.85, 'close': 171.0}"
2021:06:10 13:43:27 IST +0530,203.1,25,"{'open': 180.0, 'high': 300.0, 'low': 113.85, 'close': 171.0}"
2021:06:10 13:43:27 IST +0530,201.85,25,"{'open': 180.0, 'high': 300.0, 'low': 113.85, 'close': 171.0}"
2021:06:10 13:43:28 IST +0530,198.15,25,"{'open': 180.0, 'high': 300.0, 'low': 113.85, 'close': 171.0}"
2021:06:10 13:43:29 IST +0530,198.6,25,"{'open': 180.0, 'high': 300.0, 'low': 113.85, 'close': 171.0}"
2021:06:10 13:43:29 IST +0530,198.05,25,"{'open': 180.0, 'high': 300.0, 'low': 113.85, 'close': 171.0}"
2021:06:10 13:43:30 IST +0530,200.0,250,"{'open': 180.0, 'high': 300.0, 'low': 113.85, 'close': 171.0}"
2021:06:10 13:43:30 IST +0530,202.5,25,"{'open': 180.0, 'high': 300.0, 'low': 113.85, 'close': 171.0}"
2021:06:10 13:43:31 IST +0530,201.1,25,"{'open': 180.0, 'high': 300.0, 'low': 113.85, 'close': 171.0}"
2021:06:10 13:43:31 IST +0530,201.1,25,"{'open': 180.0, 'high': 300.0, 'low': 113.85, 'close': 171.0}"
2021:06:10 13:43:32 IST +0530,205.1,25,"{'open': 180.0, 'high': 300.0, 'low': 113.85, 'close': 171.0}"
2021:06:10 13:43:33 IST +0530,200.9,50,"{'open': 180.0, 'high': 300.0, 'low': 113.85, 'close': 171.0}"
2021:06:10 13:43:33 IST +0530,201.5,25,"{'open': 180.0, 'high': 300.0, 'low': 113.85, 'close': 171.0}"
2021:06:10 13:43:34 IST +0530,201.7,25,"{'open': 180.0, 'high': 300.0, 'low': 113.85, 'close': 171.0}"
2021:06:10 13:43:35 IST +0530,204.2,25,"{'open': 180.0, 'high': 300.0, 'low': 113.85, 'close': 171.0}"
2021:06:10 13:43:35 IST +0530,201.75,25,"{'open': 180.0, 'high': 300.0, 'low': 113.85, 'close': 171.0}"
2021:06:10 13:43:36 IST +0530,203.05,25,"{'open': 180.0, 'high': 300.0, 'low': 113.85, 'close': 171.0}"
2021:06:10 13:43:36 IST +0530,202.05,25,"{'open': 180.0, 'high': 300.0, 'low': 113.85, 'close': 171.0}"
2021:06:10 13:43:37 IST +0530,201.3,25,"{'open': 180.0, 'high': 300.0, 'low': 113.85, 'close': 171.0}"
2021:06:10 13:43:37 IST +0530,200.25,25,"{'open': 180.0, 'high': 300.0, 'low': 113.85, 'close': 171.0}"
2021:06:10 13:43:38 IST +0530,202.15,25,"{'open': 180.0, 'high': 300.0, 'low': 113.85, 'close': 171.0}"
2021:06:10 13:43:39 IST +0530,200.15,25,"{'open': 180.0, 'high': 300.0, 'low': 113.85, 'close': 171.0}"
2021:06:10 13:43:39 IST +0530,198.35,25,"{'open': 180.0, 'high': 300.0, 'low': 113.85, 'close': 171.0}"
2021:06:10 13:43:40 IST +0530,197.9,25,"{'open': 180.0, 'high': 300.0, 'low': 113.85, 'close': 171.0}"
2021:06:10 13:43:41 IST +0530,205.4,100,"{'open': 180.0, 'high': 300.0, 'low': 113.85, 'close': 171.0}"
2021:06:10 13:43:41 IST +0530,204.95,25,"{'open': 180.0, 'high': 300.0, 'low': 113.85, 'close': 171.0}"
2021:06:10 13:43:42 IST +0530,205.05,50,"{'open': 180.0, 'high': 300.0, 'low': 113.85, 'close': 171.0}"
2021:06:10 13:43:42 IST +0530,204.45,75,"{'open': 180.0, 'high': 300.0, 'low': 113.85, 'close': 171.0}"
2021:06:10 13:43:43 IST +0530,204.85,25,"{'open': 180.0, 'high': 300.0, 'low': 113.85, 'close': 171.0}"
2021:06:10 13:43:44 IST +0530,208.3,25,"{'open': 180.0, 'high': 300.0, 'low': 113.85, 'close': 171.0}"
2021:06:10 13:43:44 IST +0530,206.15,25,"{'open': 180.0, 'high': 300.0, 'low': 113.85, 'close': 171.0}"
2021:06:10 13:43:45 IST +0530,210.75,25,"{'open': 180.0, 'high': 300.0, 'low': 113.85, 'close': 171.0}"
2021:06:10 13:43:45 IST +0530,209.25,25,"{'open': 180.0, 'high': 300.0, 'low': 113.85, 'close': 171.0}"
2021:06:10 13:43:46 IST +0530,209.6,25,"{'open': 180.0, 'high': 300.0, 'low': 113.85, 'close': 171.0}"
2021:06:10 13:43:46 IST +0530,208.55,100,"{'open': 180.0, 'high': 300.0, 'low': 113.85, 'close': 171.0}"
2021:06:10 13:43:47 IST +0530,206.65,25,"{'open': 180.0, 'high': 300.0, 'low': 113.85, 'close': 171.0}"
2021:06:10 13:43:48 IST +0530,208.8,25,"{'open': 180.0, 'high': 300.0, 'low': 113.85, 'close': 171.0}"
2021:06:10 13:43:48 IST +0530,206.95,25,"{'open': 180.0, 'high': 300.0, 'low': 113.85, 'close': 171.0}"
2021:06:10 13:43:49 IST +0530,205.55,25,"{'open': 180.0, 'high': 300.0, 'low': 113.85, 'close': 171.0}"
2021:06:10 13:43:50 IST +0530,208.5,25,"{'open': 180.0, 'high': 300.0, 'low': 113.85, 'close': 171.0}"
2021:06:10 13:43:50 IST +0530,211.0,75,"{'open': 180.0, 'high': 300.0, 'low': 113.85, 'close': 171.0}"
2021:06:10 13:43:51 IST +0530,212.75,25,"{'open': 180.0, 'high': 300.0, 'low': 113.85, 'close': 171.0}"
2021:06:10 13:43:51 IST +0530,209.9,50,"{'open': 180.0, 'high': 300.0, 'low': 113.85, 'close': 171.0}"
2021:06:10 13:43:52 IST +0530,209.65,25,"{'open': 180.0, 'high': 300.0, 'low': 113.85, 'close': 171.0}"
2021:06:10 13:43:52 IST +0530,207.1,25,"{'open': 180.0, 'high': 300.0, 'low': 113.85, 'close': 171.0}"
2021:06:10 13:43:53 IST +0530,209.25,100,"{'open': 180.0, 'high': 300.0, 'low': 113.85, 'close': 171.0}"
2021:06:10 13:43:54 IST +0530,207.6,25,"{'open': 180.0, 'high': 300.0, 'low': 113.85, 'close': 171.0}"
2021:06:10 13:43:54 IST +0530,208.25,25,"{'open': 180.0, 'high': 300.0, 'low': 113.85, 'close': 171.0}"
2021:06:10 13:43:55 IST +0530,209.0,100,"{'open': 180.0, 'high': 300.0, 'low': 113.85, 'close': 171.0}"
2021:06:10 13:43:55 IST +0530,210.1,25,"{'open': 180.0, 'high': 300.0, 'low': 113.85, 'close': 171.0}"
2021:06:10 13:43:56 IST +0530,210.1,25,"{'open': 180.0, 'high': 300.0, 'low': 113.85, 'close': 171.0}"
2021:06:10 13:43:57 IST +0530,207.2,25,"{'open': 180.0, 'high': 300.0, 'low': 113.85, 'close': 171.0}"
2021:06:10 13:43:57 IST +0530,208.05,25,"{'open': 180.0, 'high': 300.0, 'low': 113.85, 'close': 171.0}"
2021:06:10 13:43:58 IST +0530,208.3,50,"{'open': 180.0, 'high': 300.0, 'low': 113.85, 'close': 171.0}"
2021:06:10 13:43:59 IST +0530,210.05,25,"{'open': 180.0, 'high': 300.0, 'low': 113.85, 'close': 171.0}"
2021:06:10 13:43:59 IST +0530,208.35,25,"{'open': 180.0, 'high': 300.0, 'low': 113.85, 'close': 171.0}"
2021:06:10 13:44:00 IST +0530,207.0,25,"{'open': 180.0, 'high': 300.0, 'low': 113.85, 'close': 171.0}"
2021:06:10 13:44:00 IST +0530,209.35,25,"{'open': 180.0, 'high': 300.0, 'low': 113.85, 'close': 171.0}"
2021:06:10 13:44:01 IST +0530,207.0,50,"{'open': 180.0, 'high': 300.0, 'low': 113.85, 'close': 171.0}"
2021:06:10 13:44:01 IST +0530,207.0,50,"{'open': 180.0, 'high': 300.0, 'low': 113.85, 'close': 171.0}"
2021:06:10 13:44:02 IST +0530,202.7,25,"{'open': 180.0, 'high': 300.0, 'low': 113.85, 'close': 171.0}"
2021:06:10 13:44:03 IST +0530,202.6,50,"{'open': 180.0, 'high': 300.0, 'low': 113.85, 'close': 171.0}"
2021:06:10 13:44:03 IST +0530,203.15,25,"{'open': 180.0, 'high': 300.0, 'low': 113.85, 'close': 171.0}"
2021:06:10 13:44:04 IST +0530,201.95,25,"{'open': 180.0, 'high': 300.0, 'low': 113.85, 'close': 171.0}"
2021:06:10 13:44:04 IST +0530,200.0,50,"{'open': 180.0, 'high': 300.0, 'low': 113.85, 'close': 171.0}"
2021:06:10 13:44:05 IST +0530,201.8,25,"{'open': 180.0, 'high': 300.0, 'low': 113.85, 'close': 171.0}"
2021:06:10 13:44:06 IST +0530,201.35,25,"{'open': 180.0, 'high': 300.0, 'low': 113.85, 'close': 171.0}"
2021:06:10 13:44:06 IST +0530,203.7,25,"{'open': 180.0, 'high': 300.0, 'low': 113.85, 'close': 171.0}"
2021:06:10 13:44:07 IST +0530,203.2,25,"{'open': 180.0, 'high': 300.0, 'low': 113.85, 'close': 171.0}"
2021:06:10 13:44:07 IST +0530,206.55,25,"{'open': 180.0, 'high': 300.0, 'low': 113.85, 'close': 171.0}"
2021:06:10 13:44:08 IST +0530,206.6,25,"{'open': 180.0, 'high': 300.0, 'low': 113.85, 'close': 171.0}"
2021:06:10 13:44:09 IST +0530,205.35,25,"{'open': 180.0, 'high': 300.0, 'low': 113.85, 'close': 171.0}"
2021:06:10 13:44:09 IST +0530,206.4,25,"{'open': 180.0, 'high': 300.0, 'low': 113.85, 'close': 171.0}"
2021:06:10 13:44:10 IST +0530,205.0,25,"{'open': 180.0, 'high': 300.0, 'low': 113.85, 'close': 171.0}"
2021:06:10 13:44:10 IST +0530,205.7,50,"{'open': 180.0, 'high': 300.0, 'low': 113.85, 'close': 171.0}"
2021:06:10 13:44:11 IST +0530,205.7,50,"{'open': 180.0, 'high': 300.0, 'low': 113.85, 'close': 171.0}"
2021:06:10 13:44:12 IST +0530,207.6,25,"{'open': 180.0, 'high': 300.0, 'low': 113.85, 'close': 171.0}"
2021:06:10 13:44:12 IST +0530,208.0,25,"{'open': 180.0, 'high': 300.0, 'low': 113.85, 'close': 171.0}"
2021:06:10 13:44:13 IST +0530,205.9,25,"{'open': 180.0, 'high': 300.0, 'low': 113.85, 'close': 171.0}"
2021:06:10 13:44:13 IST +0530,208.2,25,"{'open': 180.0, 'high': 300.0, 'low': 113.85, 'close': 171.0}"
2021:06:10 13:44:14 IST +0530,208.15,50,"{'open': 180.0, 'high': 300.0, 'low': 113.85, 'close': 171.0}"
2021:06:10 13:44:15 IST +0530,209.25,25,"{'open': 180.0, 'high': 300.0, 'low': 113.85, 'close': 171.0}"
2021:06:10 13:44:15 IST +0530,208.25,50,"{'open': 180.0, 'high': 300.0, 'low': 113.85, 'close': 171.0}"
2021:06:10 13:44:16 IST +0530,207.3,25,"{'open': 180.0, 'high': 300.0, 'low': 113.85, 'close': 171.0}"
2021:06:10 13:44:16 IST +0530,207.3,25,"{'open': 180.0, 'high': 300.0, 'low': 113.85, 'close': 171.0}"
2021:06:10 13:44:17 IST +0530,207.7,25,"{'open': 180.0, 'high': 300.0, 'low': 113.85, 'close': 171.0}"
2021:06:10 13:44:18 IST +0530,208.65,25,"{'open': 180.0, 'high': 300.0, 'low': 113.85, 'close': 171.0}"
2021:06:10 13:44:18 IST +0530,208.65,25,"{'open': 180.0, 'high': 300.0, 'low': 113.85, 'close': 171.0}"
2021:06:10 13:44:19 IST +0530,209.0,50,"{'open': 180.0, 'high': 300.0, 'low': 113.85, 'close': 171.0}"
2021:06:10 13:44:19 IST +0530,209.35,25,"{'open': 180.0, 'high': 300.0, 'low': 113.85, 'close': 171.0}"
2021:06:10 13:44:20 IST +0530,209.6,25,"{'open': 180.0, 'high': 300.0, 'low': 113.85, 'close': 171.0}"
2021:06:10 13:44:21 IST +0530,208.5,25,"{'open': 180.0, 'high': 300.0, 'low': 113.85, 'close': 171.0}"
2021:06:10 13:44:21 IST +0530,210.0,100,"{'open': 180.0, 'high': 300.0, 'low': 113.85, 'close': 171.0}"
2021:06:10 13:44:22 IST +0530,210.5,50,"{'open': 180.0, 'high': 300.0, 'low': 113.85, 'close': 171.0}"
2021:06:10 13:44:23 IST +0530,207.0,25,"{'open': 180.0, 'high': 300.0, 'low': 113.85, 'close': 171.0}"
2021:06:10 13:44:23 IST +0530,207.2,25,"{'open': 180.0, 'high': 300.0, 'low': 113.85, 'close': 171.0}"
2021:06:10 13:44:24 IST +0530,208.3,25,"{'open': 180.0, 'high': 300.0, 'low': 113.85, 'close': 171.0}"
2021:06:10 13:44:24 IST +0530,209.45,50,"{'open': 180.0, 'high': 300.0, 'low': 113.85, 'close': 171.0}"
2021:06:10 13:44:25 IST +0530,209.45,50,"{'open': 180.0, 'high': 300.0, 'low': 113.85, 'close': 171.0}"
2021:06:10 13:44:26 IST +0530,209.45,25,"{'open': 180.0, 'high': 300.0, 'low': 113.85, 'close': 171.0}"
2021:06:10 13:44:26 IST +0530,210.65,25,"{'open': 180.0, 'high': 300.0, 'low': 113.85, 'close': 171.0}"
2021:06:10 13:44:27 IST +0530,209.45,100,"{'open': 180.0, 'high': 300.0, 'low': 113.85, 'close': 171.0}"
2021:06:10 13:44:27 IST +0530,207.05,50,"{'open': 180.0, 'high': 300.0, 'low': 113.85, 'close': 171.0}"
2021:06:10 13:44:28 IST +0530,206.45,25,"{'open': 180.0, 'high': 300.0, 'low': 113.85, 'close': 171.0}"
2021:06:10 13:44:28 IST +0530,207.0,100,"{'open': 180.0, 'high': 300.0, 'low': 113.85, 'close': 171.0}"
2021:06:10 13:44:29 IST +0530,207.0,100,"{'open': 180.0, 'high': 300.0, 'low': 113.85, 'close': 171.0}"
2021:06:10 13:44:30 IST +0530,203.0,25,"{'open': 180.0, 'high': 300.0, 'low': 113.85, 'close': 171.0}"
2021:06:10 13:44:30 IST +0530,203.15,75,"{'open': 180.0, 'high': 300.0, 'low': 113.85, 'close': 171.0}"
2021:06:10 13:44:31 IST +0530,201.4,50,"{'open': 180.0, 'high': 300.0, 'low': 113.85, 'close': 171.0}"
2021:06:10 13:44:32 IST +0530,200.55,25,"{'open': 180.0, 'high': 300.0, 'low': 113.85, 'close': 171.0}"
2021:06:10 13:44:32 IST +0530,201.15,100,"{'open': 180.0, 'high': 300.0, 'low': 113.85, 'close': 171.0}"
2021:06:10 13:44:33 IST +0530,201.15,25,"{'open': 180.0, 'high': 300.0, 'low': 113.85, 'close': 171.0}"
2021:06:10 13:44:33 IST +0530,201.15,25,"{'open': 180.0, 'high': 300.0, 'low': 113.85, 'close': 171.0}"
2021:06:10 13:44:34 IST +0530,204.0,25,"{'open': 180.0, 'high': 300.0, 'low': 113.85, 'close': 171.0}"
2021:06:10 13:44:35 IST +0530,203.25,75,"{'open': 180.0, 'high': 300.0, 'low': 113.85, 'close': 171.0}"
2021:06:10 13:44:35 IST +0530,202.25,25,"{'open': 180.0, 'high': 300.0, 'low': 113.85, 'close': 171.0}"
2021:06:10 13:44:36 IST +0530,201.65,25,"{'open': 180.0, 'high': 300.0, 'low': 113.85, 'close': 171.0}"
2021:06:10 13:44:36 IST +0530,199.2,25,"{'open': 180.0, 'high': 300.0, 'low': 113.85, 'close': 171.0}"
2021:06:10 13:44:37 IST +0530,199.75,50,"{'open': 180.0, 'high': 300.0, 'low': 113.85, 'close': 171.0}"
2021:06:10 13:44:37 IST +0530,201.15,100,"{'open': 180.0, 'high': 300.0, 'low': 113.85, 'close': 171.0}"
2021:06:10 13:44:38 IST +0530,201.95,25,"{'open': 180.0, 'high': 300.0, 'low': 113.85, 'close': 171.0}"
2021:06:10 13:44:39 IST +0530,202.7,50,"{'open': 180.0, 'high': 300.0, 'low': 113.85, 'close': 171.0}"
2021:06:10 13:44:39 IST +0530,204.3,25,"{'open': 180.0, 'high': 300.0, 'low': 113.85, 'close': 171.0}"
2021:06:10 13:44:40 IST +0530,204.15,25,"{'open': 180.0, 'high': 300.0, 'low': 113.85, 'close': 171.0}"
2021:06:10 13:44:40 IST +0530,205.85,25,"{'open': 180.0, 'high': 300.0, 'low': 113.85, 'close': 171.0}"
2021:06:10 13:44:41 IST +0530,207.0,25,"{'open': 180.0, 'high': 300.0, 'low': 113.85, 'close': 171.0}"
2021:06:10 13:44:42 IST +0530,207.9,25,"{'open': 180.0, 'high': 300.0, 'low': 113.85, 'close': 171.0}"
2021:06:10 13:44:42 IST +0530,203.9,25,"{'open': 180.0, 'high': 300.0, 'low': 113.85, 'close': 171.0}"
2021:06:10 13:44:43 IST +0530,203.9,25,"{'open': 180.0, 'high': 300.0, 'low': 113.85, 'close': 171.0}"
2021:06:10 13:44:43 IST +0530,204.85,25,"{'open': 180.0, 'high': 300.0, 'low': 113.85, 'close': 171.0}"
2021:06:10 13:44:44 IST +0530,204.75,25,"{'open': 180.0, 'high': 300.0, 'low': 113.85, 'close': 171.0}"
2021:06:10 13:44:45 IST +0530,204.0,25,"{'open': 180.0, 'high': 300.0, 'low': 113.85, 'close': 171.0}"
2021:06:10 13:44:45 IST +0530,205.0,25,"{'open': 180.0, 'high': 300.0, 'low': 113.85, 'close': 171.0}"
2021:06:10 13:44:46 IST +0530,203.8,50,"{'open': 180.0, 'high': 300.0, 'low': 113.85, 'close': 171.0}"
2021:06:10 13:44:47 IST +0530,206.9,25,"{'open': 180.0, 'high': 300.0, 'low': 113.85, 'close': 171.0}"
2021:06:10 13:44:47 IST +0530,205.3,25,"{'open': 180.0, 'high': 300.0, 'low': 113.85, 'close': 171.0}"
2021:06:10 13:44:48 IST +0530,205.15,75,"{'open': 180.0, 'high': 300.0, 'low': 113.85, 'close': 171.0}"
2021:06:10 13:44:48 IST +0530,204.95,25,"{'open': 180.0, 'high': 300.0, 'low': 113.85, 'close': 171.0}"
2021:06:10 13:44:49 IST +0530,202.95,25,"{'open': 180.0, 'high': 300.0, 'low': 113.85, 'close': 171.0}"
2021:06:10 13:44:50 IST +0530,202.65,25,"{'open': 180.0, 'high': 300.0, 'low': 113.85, 'close': 171.0}"
2021:06:10 13:44:50 IST +0530,201.0,325,"{'open': 180.0, 'high': 300.0, 'low': 113.85, 'close': 171.0}"
2021:06:10 13:44:51 IST +0530,198.35,25,"{'open': 180.0, 'high': 300.0, 'low': 113.85, 'close': 171.0}"
2021:06:10 13:44:51 IST +0530,198.5,25,"{'open': 180.0, 'high': 300.0, 'low': 113.85, 'close': 171.0}"
2021:06:10 13:44:52 IST +0530,200.0,100,"{'open': 180.0, 'high': 300.0, 'low': 113.85, 'close': 171.0}"
2021:06:10 13:44:52 IST +0530,201.4,25,"{'open': 180.0, 'high': 300.0, 'low': 113.85, 'close': 171.0}"
2021:06:10 13:44:53 IST +0530,202.4,25,"{'open': 180.0, 'high': 300.0, 'low': 113.85, 'close': 171.0}"
2021:06:10 13:44:54 IST +0530,203.25,100,"{'open': 180.0, 'high': 300.0, 'low': 113.85, 'close': 171.0}"
2021:06:10 13:44:54 IST +0530,205.2,25,"{'open': 180.0, 'high': 300.0, 'low': 113.85, 'close': 171.0}"
2021:06:10 13:44:55 IST +0530,205.55,50,"{'open': 180.0, 'high': 300.0, 'low': 113.85, 'close': 171.0}"
2021:06:10 13:44:56 IST +0530,203.55,25,"{'open': 180.0, 'high': 300.0, 'low': 113.85, 'close': 171.0}"
2021:06:10 13:44:56 IST +0530,205.0,200,"{'open': 180.0, 'high': 300.0, 'low': 113.85, 'close': 171.0}"
2021:06:10 13:44:57 IST +0530,202.55,50,"{'open': 180.0, 'high': 300.0, 'low': 113.85, 'close': 171.0}"
2021:06:10 13:44:57 IST +0530,202.55,50,"{'open': 180.0, 'high': 300.0, 'low': 113.85, 'close': 171.0}"
2021:06:10 13:44:58 IST +0530,202.9,50,"{'open': 180.0, 'high': 300.0, 'low': 113.85, 'close': 171.0}"
2021:06:10 13:44:58 IST +0530,205.0,100,"{'open': 180.0, 'high': 300.0, 'low': 113.85, 'close': 171.0}"
2021:06:10 13:44:59 IST +0530,204.75,25,"{'open': 180.0, 'high': 300.0, 'low': 113.85, 'close': 171.0}"
2021:06:10 13:45:00 IST +0530,204.9,25,"{'open': 180.0, 'high': 300.0, 'low': 113.85, 'close': 171.0}"
2021:06:10 13:45:00 IST +0530,206.8,25,"{'open': 180.0, 'high': 300.0, 'low': 113.85, 'close': 171.0}"
2021:06:10 13:45:01 IST +0530,206.8,25,"{'open': 180.0, 'high': 300.0, 'low': 113.85, 'close': 171.0}"
2021:06:10 13:45:02 IST +0530,205.0,25,"{'open': 180.0, 'high': 300.0, 'low': 113.85, 'close': 171.0}"
2021:06:10 13:45:02 IST +0530,202.85,175,"{'open': 180.0, 'high': 300.0, 'low': 113.85, 'close': 171.0}"
2021:06:10 13:45:03 IST +0530,204.2,25,"{'open': 180.0, 'high': 300.0, 'low': 113.85, 'close': 171.0}"
2021:06:10 13:45:03 IST +0530,204.25,25,"{'open': 180.0, 'high': 300.0, 'low': 113.85, 'close': 171.0}"
2021:06:10 13:45:04 IST +0530,202.5,25,"{'open': 180.0, 'high': 300.0, 'low': 113.85, 'close': 171.0}"
2021:06:10 13:45:04 IST +0530,203.2,25,"{'open': 180.0, 'high': 300.0, 'low': 113.85, 'close': 171.0}"
2021:06:10 13:45:05 IST +0530,205.1,25,"{'open': 180.0, 'high': 300.0, 'low': 113.85, 'close': 171.0}"
2021:06:10 13:45:06 IST +0530,205.6,25,"{'open': 180.0, 'high': 300.0, 'low': 113.85, 'close': 171.0}"
2021:06:10 13:45:06 IST +0530,205.45,50,"{'open': 180.0, 'high': 300.0, 'low': 113.85, 'close': 171.0}"
2021:06:10 13:45:07 IST +0530,203.25,25,"{'open': 180.0, 'high': 300.0, 'low': 113.85, 'close': 171.0}"
2021:06:10 13:45:07 IST +0530,199.0,50,"{'open': 180.0, 'high': 300.0, 'low': 113.85, 'close': 171.0}"
2021:06:10 13:45:08 IST +0530,198.0,100,"{'open': 180.0, 'high': 300.0, 'low': 113.85, 'close': 171.0}"
2021:06:10 13:45:09 IST +0530,195.9,25,"{'open': 180.0, 'high': 300.0, 'low': 113.85, 'close': 171.0}"
2021:06:10 13:45:09 IST +0530,194.9,25,"{'open': 180.0, 'high': 300.0, 'low': 113.85, 'close': 171.0}"
2021:06:10 13:45:10 IST +0530,192.65,50,"{'open': 180.0, 'high': 300.0, 'low': 113.85, 'close': 171.0}"
2021:06:10 13:45:10 IST +0530,193.95,100,"{'open': 180.0, 'high': 300.0, 'low': 113.85, 'close': 171.0}"
2021:06:10 13:45:11 IST +0530,192.6,25,"{'open': 180.0, 'high': 300.0, 'low': 113.85, 'close': 171.0}"
2021:06:10 13:45:12 IST +0530,192.9,25,"{'open': 180.0, 'high': 300.0, 'low': 113.85, 'close': 171.0}"
2021:06:10 13:45:12 IST +0530,194.95,50,"{'open': 180.0, 'high': 300.0, 'low': 113.85, 'close': 171.0}"
2021:06:10 13:45:13 IST +0530,196.2,25,"{'open': 180.0, 'high': 300.0, 'low': 113.85, 'close': 171.0}"
2021:06:10 13:45:14 IST +0530,197.85,25,"{'open': 180.0, 'high': 300.0, 'low': 113.85, 'close': 171.0}"
2021:06:10 13:45:14 IST +0530,199.5,25,"{'open': 180.0, 'high': 300.0, 'low': 113.85, 'close': 171.0}"
2021:06:10 13:45:15 IST +0530,199.75,100,"{'open': 180.0, 'high': 300.0, 'low': 113.85, 'close': 171.0}"
2021:06:10 13:45:15 IST +0530,198.5,25,"{'open': 180.0, 'high': 300.0, 'low': 113.85, 'close': 171.0}"
2021:06:10 16:14:12 IST +0530,200.9,25,"{'open': 180.0, 'high': 300.0, 'low': 113.85, 'close': 171.0}"
