instrument_token_x,exchange_token_x,tradingsymbol_x,name,last_price_x,expiry_x,strike_x,tick_size_x,lot_size_x,instrument_type_x,segment_x,exchange_x,instrument_token_y,exchange_token_y,tradingsymbol_y,last_price_y,expiry_y,strike_y,tick_size_y,lot_size_y,instrument_type_y,segment_y,exchange_y
3014145,11774,3IINFOTECH,3I INFOTECH.,0.0,,0.0,0.05,1,EQ,NSE,NSE,136352772,532628,3IINFOTECH,0.0,,0.0,0.01,1,EQ,BSE,BSE
1147137,4481,AARTIDRUGS,AARTI DRUGS.,0.0,,0.0,0.05,1,EQ,NSE,NSE,134233092,524348,AARTIDRUGS,0.0,,0.0,0.05,1,EQ,BSE,BSE
2561,10,ABAN,ABAN OFFSHORE.,0.0,,0.0,0.05,1,EQ,NSE,NSE,133940228,523204,ABAN,0.0,,0.0,0.05,1,EQ,BSE,BSE
3329,13,ABB,ABB INDIA,0.0,,0.0,0.05,1,EQ,NSE,NSE,128000516,500002,ABB,0.0,,0.0,0.05,1,EQ,BSE,BSE
879361,3435,AGCNET,AGC NETWORKS,0.0,,0.0,0.05,1,EQ,NSE,NSE,128118532,500463,AGCNET,0.0,,0.0,0.05,1,EQ,BSE,BSE
375553,1467,AKZOINDIA,AKZO NOBEL INDIA,0.0,,0.0,0.05,1,EQ,NSE,NSE,128181764,500710,AKZOINDIA,0.0,,0.0,0.05,1,EQ,BSE,BSE
2539777,9921,ALANKIT,ALANKIT,0.0,,0.0,0.05,1,EQ,NSE,NSE,135956996,531082,ALANKIT,0.0,,0.0,0.05,1,EQ,BSE,BSE
3495937,13656,ALICON,ALICON CASTALLOY,0.0,,0.0,0.05,1,EQ,NSE,NSE,135973636,531147,ALICON,0.0,,0.0,0.05,1,EQ,BSE,BSE
25601,100,AMARAJABAT,AMARA RAJA BATTERIES.,0.0,,0.0,0.05,1,EQ,NSE,NSE,128002052,500008,AMARAJABAT,0.0,,0.0,0.05,1,EQ,BSE,BSE
665089,2598,AMJLAND,AMJ LAND HOLDINGS,0.0,,0.0,0.05,1,EQ,NSE,NSE,128087812,500343,AMJLAND,0.0,,0.0,0.05,1,EQ,BSE,BSE
3486721,13620,ANANTRAJ,ANANT RAJ,0.0,,0.0,0.05,1,EQ,NSE,NSE,131854084,515055,ANANTRAJ,0.0,,0.0,0.05,1,EQ,BSE,BSE
42497,166,ANDHRAPAP,ANDHRA PAPER,0.0,,0.0,0.05,1,EQ,NSE,NSE,128596484,502330,ANDHRAPAP,0.0,,0.0,0.05,1,EQ,BSE,BSE
3500289,13673,ANSALHSG,ANSAL HOUSING,0.0,,0.0,0.05,1,EQ,NSE,NSE,130003972,507828,ANSALHSG,0.0,,0.0,0.01,1,EQ,BSE,BSE
2307585,9014,ANUP,THE ANUP ENGINEERING,0.0,,0.0,0.05,1,EQ,NSE,NSE,138869764,542460,ANUP,0.0,,0.0,0.05,1,EQ,BSE,BSE
2941697,11491,APARINDS,APAR INDUSTRIES.,0.0,,0.0,0.05,1,EQ,NSE,NSE,136258308,532259,APARINDS,0.0,,0.0,0.05,1,EQ,BSE,BSE
3676417,14361,APOLLOPIPE,APOLLO PIPES,0.0,,0.0,0.05,1,EQ,NSE,NSE,136130820,531761,APOLLOPIPES,0.0,,0.0,0.05,1,EQ,BSE,BSE
3892225,15204,ARIES,ARIES AGRO.,0.0,,0.0,0.05,1,EQ,NSE,NSE,136431364,532935,ARIES,0.0,,0.0,0.05,1,EQ,BSE,BSE
4562177,17821,ARSHIYA,ARSHIYA,0.0,,0.0,0.05,1,EQ,NSE,NSE,129554948,506074,ARSHIYA,0.0,,0.0,0.05,1,EQ,BSE,BSE
4716033,18422,ASIANHOTNR,ASIAN HOTELS (NORTH),0.0,,0.0,0.05,1,EQ,NSE,NSE,128005892,500023,ASIANHOTNR,0.0,,0.0,0.05,1,EQ,BSE,BSE
4538369,17728,ASTEC,ASTEC LIFESCIENCES,0.0,,0.0,0.05,1,EQ,NSE,NSE,136483332,533138,ASTEC,0.0,,0.0,0.05,1,EQ,BSE,BSE
3691009,14418,ASTRAL,ASTRAL,0.0,,0.0,0.05,1,EQ,NSE,NSE,136404484,532830,ASTRAL,0.0,,0.0,0.05,1,EQ,BSE,BSE
1552897,6066,ATGL,ADANI TOTAL GAS,0.0,,0.0,0.05,1,EQ,NSE,NSE,138768900,542066,ATGL,0.0,,0.0,0.05,1,EQ,BSE,BSE
1033473,4037,AUSOMENT,AUSOM ENTERPRISE,0.0,,0.0,0.05,1,EQ,NSE,NSE,130306308,509009,AUSOMENT,0.0,,0.0,0.05,1,EQ,BSE,BSE
4999937,19531,BAJAJCON,BAJAJ CONSUMER CARE,0.0,,0.0,0.05,1,EQ,NSE,NSE,136506628,533229,BAJAJCON,0.0,,0.0,0.05,1,EQ,BSE,BSE
4268801,16675,BAJAJFINSV,BAJAJ FINSERV.,0.0,,0.0,0.05,1,EQ,NSE,NSE,136442372,532978,BAJAJFINSV,0.0,,0.0,0.05,1,EQ,BSE,BSE
81153,317,BAJFINANCE,BAJAJ FINANCE,0.0,,0.0,0.05,1,EQ,NSE,NSE,128008708,500034,BAJFINANCE,0.0,,0.0,0.05,1,EQ,BSE,BSE
3917569,15303,BANG,BANG OVERSEAS.,0.0,,0.0,0.05,1,EQ,NSE,NSE,136434180,532946,BANG,0.0,,0.0,0.05,1,EQ,BSE,BSE
1195009,4668,BANKBARODA,BANK OF BARODA,0.0,,0.0,0.05,1,EQ,NSE,NSE,136226308,532134,BANKBARODA,0.0,,0.0,0.05,1,EQ,BSE,BSE
1214721,4745,BANKINDIA,BANK OF INDIA,0.0,,0.0,0.05,1,EQ,NSE,NSE,136230148,532149,BANKINDIA,0.0,,0.0,0.05,1,EQ,BSE,BSE
2261249,8833,BCG,BRIGHTCOM GROUP,0.0,,0.0,0.05,1,EQ,NSE,NSE,136286212,532368,BCG,0.0,,0.0,0.01,1,EQ,BSE,BSE
643329,2513,BCLIND,BCL INDUSTRIES,0.0,,0.0,0.05,1,EQ,NSE,NSE,134228996,524332,BCLIL,0.0,,0.0,0.05,1,EQ,BSE,BSE
2985473,11662,BCP,B.C. POWER CONTROLS,0.0,,0.0,0.05,1,EQ,NSE,NSE,137668100,537766,BCP,0.0,,0.0,0.01,1,EQ,BSE,BSE
590337,2306,BESTAGRO,BEST AGROLIFE,0.0,,0.0,0.05,1,EQ,NSE,NSE,138152964,539660,BESTAGRO,0.0,,0.0,0.05,1,EQ,BSE,BSE
109057,426,BHARATGEAR,BHARAT GEARS.,0.0,,0.0,0.05,1,EQ,NSE,NSE,129456132,505688,BHARATGEAR,0.0,,0.0,0.05,1,EQ,BSE,BSE
806145,3149,BORORENEW,BOROSIL RENEWABLES,0.0,,0.0,0.05,1,EQ,NSE,NSE,128568068,502219,BORORENEW,0.0,,0.0,0.05,1,EQ,BSE,BSE
1790465,6994,BSOFT,BIRLASOFT,0.0,,0.0,0.05,1,EQ,NSE,NSE,136294404,532400,BSOFT,0.0,,0.0,0.05,1,EQ,BSE,BSE
1591297,6216,CAMLINFINE,CAMLIN FINE SCIENCES,0.0,,0.0,0.05,1,EQ,NSE,NSE,136405508,532834,CAMLINFINE,0.0,,0.0,0.05,1,EQ,BSE,BSE
2763265,10794,CANBK,CANARA BANK,0.0,,0.0,0.05,1,EQ,NSE,NSE,136315652,532483,CANBK,0.0,,0.0,0.05,1,EQ,BSE,BSE
3812865,14894,CENTRALBK,CENTRAL BANK OF INDIA,0.0,,0.0,0.05,1,EQ,NSE,NSE,136418564,532885,CENTRALBK,0.0,,0.0,0.05,1,EQ,BSE,BSE
5204225,20329,CGCL,CAPRI GLOBAL CAPITAL,0.0,,0.0,0.05,1,EQ,NSE,NSE,136088324,531595,CGCL,0.0,,0.0,0.05,1,EQ,BSE,BSE
716545,2799,CHEMFAB,CHEMFAB ALKALIS,0.0,,0.0,0.05,1,EQ,NSE,NSE,138564868,541269,CHEMFABALKA,0.0,,0.0,0.05,1,EQ,BSE,BSE
6953217,27161,CINELINE,CINELINE INDIA,0.0,,0.0,0.05,1,EQ,NSE,NSE,136398596,532807,CINELINE,0.0,,0.0,0.05,1,EQ,BSE,BSE
2955009,11543,COFORGE,COFORGE,0.0,,0.0,0.05,1,EQ,NSE,NSE,136330500,532541,COFORGE,0.0,,0.0,0.05,1,EQ,BSE,BSE
595969,2328,CPSEETF,CPSE ETF,0.0,,0.0,0.01,1,EQ,NSE,NSE,137742596,538057,CPSEETF,0.0,,0.0,0.01,1,EQ,BSE,BSE
3031553,11842,CYBERMEDIA,CYBER MEDIA (INDIA).,0.0,,0.0,0.05,1,EQ,NSE,NSE,136355844,532640,CYBERMEDIA,0.0,,0.0,0.01,1,EQ,BSE,BSE
1471489,5748,CYIENT,CYIENT,0.0,,0.0,0.05,1,EQ,NSE,NSE,136236804,532175,CYIENT,0.0,,0.0,0.05,1,EQ,BSE,BSE
2067201,8075,DALBHARAT,DALMIA BHARAT,0.0,,0.0,0.05,1,EQ,NSE,NSE,138807300,542216,DALBHARAT,0.0,,0.0,0.05,1,EQ,BSE,BSE
4639745,18124,DBREALTY,D B REALTY,0.0,,0.0,0.05,1,EQ,NSE,NSE,136488964,533160,DBREALTY,0.0,,0.0,0.05,1,EQ,BSE,BSE
3513601,13725,DCBBANK,DCB BANK,0.0,,0.0,0.05,1,EQ,NSE,NSE,136389636,532772,DCBBANK,0.0,,0.0,0.05,1,EQ,BSE,BSE
2825985,11039,DCMNVL,DCM NOUVELLE,0.0,,0.0,0.05,1,EQ,NSE,NSE,138938628,542729,DCMNVL,0.0,,0.0,0.05,1,EQ,BSE,BSE
207617,811,DCMSHRIRAM,DCM SHRIRAM,0.0,,0.0,0.05,1,EQ,NSE,NSE,133981956,523367,DCMSHRIRAM,0.0,,0.0,0.05,1,EQ,BSE,BSE
310785,1214,DELTAMAGNT,DELTA MANUFACTURING,0.0,,0.0,0.05,1,EQ,NSE,NSE,129097220,504286,DELTAMAGNT,0.0,,0.0,0.05,1,EQ,BSE,BSE
4536833,17722,DEN,DEN NETWORKS,0.0,,0.0,0.05,1,EQ,NSE,NSE,136483076,533137,DEN,0.0,,0.0,0.05,1,EQ,BSE,BSE
219393,857,DHAMPURSUG,DHAMPUR SUGAR MILLS.,0.0,,0.0,0.05,1,EQ,NSE,NSE,128030468,500119,DHAMPURSUG,0.0,,0.0,0.05,1,EQ,BSE,BSE
2907905,11359,DHANBANK,DHANLAXMI BANK,0.0,,0.0,0.05,1,EQ,NSE,NSE,136238084,532180,DHANBANK,0.0,,0.0,0.01,1,EQ,BSE,BSE
3721473,14537,DISHTV,DISH TV INDIA.,0.0,,0.0,0.05,1,EQ,NSE,NSE,136406788,532839,DISHTV,0.0,,0.0,0.01,1,EQ,BSE,BSE
4934913,19277,EMAMIREAL,EMAMI REALTY,0.0,,0.0,0.05,1,EQ,NSE,NSE,136503812,533218,EMAMIREAL,0.0,,0.0,0.05,1,EQ,BSE,BSE
4644353,18142,EMMBI,EMMBI INDUSTRIES,0.0,,0.0,0.05,1,EQ,NSE,NSE,136489220,533161,EMMBI,0.0,,0.0,0.05,1,EQ,BSE,BSE
251137,981,EPL,EPL,0.0,,0.0,0.05,1,EQ,NSE,NSE,128034564,500135,EPL,0.0,,0.0,0.05,1,EQ,BSE,BSE
4476417,17486,EXPLEOSOL,EXPLEO SOLUTIONS,0.0,,0.0,0.05,1,EQ,NSE,NSE,136478980,533121,EXPLEOSOL,0.0,,0.0,0.05,1,EQ,BSE,BSE
3004161,11735,GDL,GATEWAY DISTRIPARKS.,0.0,,0.0,0.05,1,EQ,NSE,NSE,136351236,532622,GDL,0.0,,0.0,0.05,1,EQ,BSE,BSE
3496449,13658,GEECEE,GEECEE VENTURES,0.0,,0.0,0.05,1,EQ,NSE,NSE,136387588,532764,GEECEE,0.0,,0.0,0.05,1,EQ,BSE,BSE
2012673,7862,GEPIL,GE POWER INDIA,0.0,,0.0,0.05,1,EQ,NSE,NSE,136271108,532309,GEPIL,0.0,,0.0,0.05,1,EQ,BSE,BSE
329985,1289,GFLLIMITED,GFL,0.0,,0.0,0.05,1,EQ,NSE,NSE,128044292,500173,GFLLIMITED,0.0,,0.0,0.05,1,EQ,BSE,BSE
3463169,13528,GMRINFRA,GMR INFRASTRUCTURE.,0.0,,0.0,0.05,1,EQ,NSE,NSE,136385028,532754,GMRINFRA,0.0,,0.0,0.05,1,EQ,BSE,BSE
4576001,17875,GODREJPROP,GODREJ PROPERTIES,0.0,,0.0,0.05,1,EQ,NSE,NSE,136486404,533150,GODREJPROP,0.0,,0.0,0.05,1,EQ,BSE,BSE
3015169,11778,GOKEX,GOKALDAS EXPORTS.,0.0,,0.0,0.05,1,EQ,NSE,NSE,136353284,532630,GOKEX,0.0,,0.0,0.05,1,EQ,BSE,BSE
3706881,14480,GOKULAGRO,GOKUL AGRO RESOURCES,0.0,,0.0,0.05,1,EQ,NSE,NSE,138169604,539725,GOKULAGRO,0.0,,0.0,0.05,1,EQ,BSE,BSE
316161,1235,GREAVESCOT,GREAVES COTTON.,0.0,,0.0,0.05,1,EQ,NSE,NSE,128372484,501455,GREAVESCOT,0.0,,0.0,0.05,1,EQ,BSE,BSE
2971137,11606,GUFICBIO,GUFIC BIOSCIENCES.,0.0,,0.0,0.05,1,EQ,NSE,NSE,130324228,509079,GUFICBIO,0.0,,0.0,0.05,1,EQ,BSE,BSE
2964737,11581,GULFPETRO,GP PETROLEUMS,0.0,,0.0,0.05,1,EQ,NSE,NSE,136331012,532543,GULFPETRO,0.0,,0.0,0.05,1,EQ,BSE,BSE
4647425,18154,HATHWAY,HATHWAY CABLE & DATACOM,0.0,,0.0,0.05,1,EQ,NSE,NSE,136489476,533162,HATHWAY,0.0,,0.0,0.05,1,EQ,BSE,BSE
996353,3892,HATSUN,HATSUN AGRO PRODUCT.,0.0,,0.0,0.05,1,EQ,NSE,NSE,136071940,531531,HATSUN,0.0,,0.0,0.05,1,EQ,BSE,BSE
3575297,13966,HBLPOWER,HBL POWER SYSTEMS.,0.0,,0.0,0.05,1,EQ,NSE,NSE,132421380,517271,HBLPOWER,0.0,,0.0,0.05,1,EQ,BSE,BSE
1177089,4598,HERITGFOOD,HERITAGE FOODS,0.0,,0.0,0.05,1,EQ,NSE,NSE,133005316,519552,HERITGFOOD,0.0,,0.0,0.05,1,EQ,BSE,BSE
5619457,21951,HFCL,HFCL,0.0,,0.0,0.05,1,EQ,NSE,NSE,128046852,500183,HFCL,0.0,,0.0,0.05,1,EQ,BSE,BSE
351233,1372,HINDCOMPOS,HINDUSTAN COMPOSITES.,0.0,,0.0,0.05,1,EQ,NSE,NSE,130466564,509635,HINDCOMPOS,0.0,,0.0,0.05,1,EQ,BSE,BSE
356865,1394,HINDUNILVR,HINDUSTAN UNILEVER.,0.0,,0.0,0.05,1,EQ,NSE,NSE,128178180,500696,HINDUNILVR,0.0,,0.0,0.05,1,EQ,BSE,BSE
1134849,4433,HITECHGEAR,THE HI-TECH GEARS,0.0,,0.0,0.05,1,EQ,NSE,NSE,133650692,522073,HITECHGEAR,0.0,,0.0,0.05,1,EQ,BSE,BSE
585985,2289,HLEGLAS,HLE GLASCOAT,0.0,,0.0,0.05,1,EQ,NSE,NSE,133687044,522215,HLEGLAS,0.0,,0.0,0.05,1,EQ,BSE,BSE
370689,1448,HLVLTD,HLV,0.0,,0.0,0.05,1,EQ,NSE,NSE,128049412,500193,HLVLTD,0.0,,0.0,0.01,1,EQ,BSE,BSE
655873,2562,HUHTAMAKI,HUHTAMAKI INDIA,0.0,,0.0,0.05,1,EQ,NSE,NSE,130513924,509820,HUHTAMAKI,0.0,,0.0,0.05,1,EQ,BSE,BSE
1270529,4963,ICICIBANK,ICICI BANK.,0.0,,0.0,0.05,1,EQ,NSE,NSE,136236548,532174,ICICIBANK,0.0,,0.0,0.05,1,EQ,BSE,BSE
4473601,17475,ICICINV20,ICICI PRUDENTIAL NV20 ETF,0.0,,0.0,0.01,1,EQ,NSE,NSE,138225924,539945,ICICINV20,0.0,,0.0,0.01,1,EQ,BSE,BSE
3060993,11957,IDFC,IDFC,0.0,,0.0,0.05,1,EQ,NSE,NSE,136360708,532659,IDFC,0.0,,0.0,0.05,1,EQ,BSE,BSE
2863105,11184,IDFCFIRSTB,IDFC FIRST BANK,0.0,,0.0,0.05,1,EQ,NSE,NSE,138095876,539437,IDFCFIRSTB,0.0,,0.0,0.05,1,EQ,BSE,BSE
3023105,11809,IIFL,IIFL FINANCE,0.0,,0.0,0.05,1,EQ,NSE,NSE,136354820,532636,IIFL,0.0,,0.0,0.05,1,EQ,BSE,BSE
4481793,17507,INCREDIBLE,INCREDIBLE INDUSTRIES,0.0,,0.0,0.05,1,EQ,NSE,NSE,137821444,538365,INCREDIBLE,0.0,,0.0,0.05,1,EQ,BSE,BSE
3663105,14309,INDIANB,INDIAN BANK,0.0,,0.0,0.05,1,EQ,NSE,NSE,136400388,532814,INDIANB,0.0,,0.0,0.05,1,EQ,BSE,BSE
2989313,11677,INDOCO,INDOCO REMEDIES.,0.0,,0.0,0.05,1,EQ,NSE,NSE,136348676,532612,INDOCO,0.0,,0.0,0.05,1,EQ,BSE,BSE
7458561,29135,INDUSTOWER,INDUS TOWERS,0.0,,0.0,0.05,1,EQ,NSE,NSE,136912900,534816,INDUSTOWER,0.0,,0.0,0.05,1,EQ,BSE,BSE
4159745,16249,INFIBEAM,INFIBEAM AVENUES,0.0,,0.0,0.05,1,EQ,NSE,NSE,138190596,539807,INFIBEAM,0.0,,0.0,0.05,1,EQ,BSE,BSE
1517057,5926,INTELLECT,INTELLECT DESIGN ARENA,0.0,,0.0,0.05,1,EQ,NSE,NSE,137941764,538835,INTELLECT,0.0,,0.0,0.05,1,EQ,BSE,BSE
2393089,9348,IOB,INDIAN OVERSEAS BANK,0.0,,0.0,0.05,1,EQ,NSE,NSE,136291332,532388,IOB,0.0,,0.0,0.05,1,EQ,BSE,BSE
1276417,4986,IRCON,IRCON INTERNATIONAL,0.0,,0.0,0.05,1,EQ,NSE,NSE,138740740,541956,IRCON,0.0,,0.0,0.05,1,EQ,BSE,BSE
4574465,17869,JSWENERGY,JSW ENERGY,0.0,,0.0,0.05,1,EQ,NSE,NSE,136485892,533148,JSWENERGY,0.0,,0.0,0.05,1,EQ,BSE,BSE
3041281,11880,JSWHL,JSW HOLDINGS,0.0,,0.0,0.05,1,EQ,NSE,NSE,136356356,532642,JSWHL,0.0,,0.0,0.05,1,EQ,BSE,BSE
828673,3237,JTEKTINDIA,JTEKT INDIA,0.0,,0.0,0.05,1,EQ,NSE,NSE,133134596,520057,JTEKTINDIA,0.0,,0.0,0.05,1,EQ,BSE,BSE
4632577,18096,JUBLFOOD,JUBILANT FOODWORKS,0.0,,0.0,0.05,1,EQ,NSE,NSE,136487684,533155,JUBLFOOD,0.0,,0.0,0.05,1,EQ,BSE,BSE
931073,3637,JUBLPHARMA,JUBILANT PHARMOVA,0.0,,0.0,0.05,1,EQ,NSE,NSE,135684868,530019,JUBLPHARMA,0.0,,0.0,0.05,1,EQ,BSE,BSE
3085313,12052,JUMPNET,JUMP NETWORKS,0.0,,0.0,0.05,1,EQ,NSE,NSE,136022276,531337,JUMPNET,0.0,,0.0,0.01,1,EQ,BSE,BSE
3877377,15146,JYOTHYLAB,JYOTHY LABS,0.0,,0.0,0.05,1,EQ,NSE,NSE,136429060,532926,JYOTHYLAB,0.0,,0.0,0.05,1,EQ,BSE,BSE
3407361,13310,KEI,KEI INDUSTRIES.,0.0,,0.0,0.05,1,EQ,NSE,NSE,132497668,517569,KEI,0.0,,0.0,0.05,1,EQ,BSE,BSE
4870401,19025,KIRLOSIND,KIRLOSKAR INDUSTRIES,0.0,,0.0,0.05,1,EQ,NSE,NSE,128062212,500243,KIRLOSIND,0.0,,0.0,0.05,1,EQ,BSE,BSE
2478849,9683,KPITTECH,KPIT TECHNOLOGIES,0.0,,0.0,0.05,1,EQ,NSE,NSE,138918660,542651,KPITTECH,0.0,,0.0,0.05,1,EQ,BSE,BSE
498945,1949,KSB,KSB,0.0,,0.0,0.05,1,EQ,NSE,NSE,128063748,500249,KSB,0.0,,0.0,0.05,1,EQ,BSE,BSE
1640193,6407,LAMBODHARA,LAMBODHARA TEXTILES.,0.0,,0.0,0.05,1,EQ,NSE,NSE,151059204,590075,LAMBODHARA,0.0,,0.0,0.05,1,EQ,BSE,BSE
416513,1627,LINDEINDIA,LINDE INDIA,0.0,,0.0,0.05,1,EQ,NSE,NSE,134004996,523457,LINDEINDIA,0.0,,0.0,0.05,1,EQ,BSE,BSE
2939649,11483,LT,LARSEN & TOUBRO.,0.0,,0.0,0.05,1,EQ,NSE,NSE,128130564,500510,LT,0.0,,0.0,0.05,1,EQ,BSE,BSE
3499777,13671,MADHUCON,MADHUCON PROJECTS.,0.0,,0.0,0.05,1,EQ,NSE,NSE,136063236,531497,MADHUCON,0.0,,0.0,0.01,1,EQ,BSE,BSE
2912513,11377,MAHABANK,BANK OF MAHARASHTRA,0.0,,0.0,0.05,1,EQ,NSE,NSE,136326404,532525,MAHABANK,0.0,,0.0,0.05,1,EQ,BSE,BSE
2639361,10310,MAJESCO,MAJESCO,0.0,,0.0,0.05,1,EQ,NSE,NSE,138057988,539289,MJCO,0.0,,0.0,0.05,1,EQ,BSE,BSE
3890945,15199,MANAKSIA,MANAKSIA.,0.0,,0.0,0.05,1,EQ,NSE,NSE,136430596,532932,MANAKSIA,0.0,,0.0,0.05,1,EQ,BSE,BSE
4879617,19061,MANAPPURAM,MANAPPURAM FINANCE,0.0,,0.0,0.05,1,EQ,NSE,NSE,135990532,531213,MANAPPURAM,0.0,,0.0,0.05,1,EQ,BSE,BSE
2815745,10999,MARUTI,MARUTI SUZUKI INDIA.,0.0,,0.0,0.05,1,EQ,NSE,NSE,136320004,532500,MARUTI,0.0,,0.0,0.05,1,EQ,BSE,BSE
4615425,18029,MBLINFRA,MBL INFRASTRUCTURES,0.0,,0.0,0.05,1,EQ,NSE,NSE,136486916,533152,MBLINFRA,0.0,,0.0,0.05,1,EQ,BSE,BSE
3753473,14662,MCDHOLDING,MCDOWELL HOLDINGS.,0.0,,0.0,0.05,1,EQ,NSE,NSE,136410116,532852,MCDHOLDING,0.0,,0.0,0.05,1,EQ,BSE,BSE
3057409,11943,MCLEODRUSS,MCLEOD RUSSEL INDIA.,0.0,,0.0,0.05,1,EQ,NSE,NSE,136359428,532654,MCLEODRUSS,0.0,,0.0,0.05,1,EQ,BSE,BSE
3623425,14154,MINDAIND,MINDA INDUSTRIES.,0.0,,0.0,0.05,1,EQ,NSE,NSE,136329988,532539,MINDAIND,0.0,,0.0,0.05,1,EQ,BSE,BSE
1718529,6713,MOLDTKPAC,MOLD-TEK PACKAGING,0.0,,0.0,0.05,1,EQ,NSE,NSE,136468484,533080,MOLDTKPAC,0.0,,0.0,0.05,1,EQ,BSE,BSE
3763713,14702,NAGREEKEXP,NAGREEKA EXPORTS.,0.0,,0.0,0.05,1,EQ,NSE,NSE,133403908,521109,NAGREEKEXP,0.0,,0.0,0.05,1,EQ,BSE,BSE
3696641,14440,NAHARSPING,NAHAR SPINNING MILLS.,0.0,,0.0,0.05,1,EQ,NSE,NSE,128075780,500296,NAHARSPING,0.0,,0.0,0.05,1,EQ,BSE,BSE
1003009,3918,NATCOPHARM,NATCO PHARMA.,0.0,,0.0,0.05,1,EQ,NSE,NSE,134352900,524816,NATCOPHARM,0.0,,0.0,0.05,1,EQ,BSE,BSE
610561,2385,NAVNETEDUL,NAVNEET EDUCATION,0.0,,0.0,0.05,1,EQ,NSE,NSE,130301188,508989,NAVNETEDUL,0.0,,0.0,0.05,1,EQ,BSE,BSE
593665,2319,NCC,NCC,0.0,,0.0,0.05,1,EQ,NSE,NSE,128075268,500294,NCC,0.0,,0.0,0.05,1,EQ,BSE,BSE
3053313,11927,NECLIFE,NECTAR LIFESCIENCES.,0.0,,0.0,0.05,1,EQ,NSE,NSE,136358148,532649,NECLIFE,0.0,,0.0,0.05,1,EQ,BSE,BSE
3944705,15409,NESCO,NESCO.,0.0,,0.0,0.05,1,EQ,NSE,NSE,129370884,505355,NESCO,0.0,,0.0,0.05,1,EQ,BSE,BSE
1897217,7411,NILASPACES,NILA SPACES,0.0,,0.0,0.05,1,EQ,NSE,NSE,138811140,542231,NILASPACES,0.0,,0.0,0.01,1,EQ,BSE,BSE
3924993,15332,NMDC,NMDC.,0.0,,0.0,0.05,1,EQ,NSE,NSE,134750980,526371,NMDC,0.0,,0.0,0.05,1,EQ,BSE,BSE
3724033,14547,NXTDIGITAL,NXTDIGITAL,0.0,,0.0,0.05,1,EQ,NSE,NSE,128048388,500189,NXTDIGITAL,0.0,,0.0,0.05,1,EQ,BSE,BSE
2756609,10768,OAL,ORIENTAL AROMATICS,0.0,,0.0,0.05,1,EQ,NSE,NSE,128019972,500078,OAL,0.0,,0.0,0.05,1,EQ,BSE,BSE
2723073,10637,OLECTRA,OLECTRA GREENTECH,0.0,,0.0,0.05,1,EQ,NSE,NSE,136304388,532439,OLECTRA,0.0,,0.0,0.05,1,EQ,BSE,BSE
6203137,24231,OMINFRAL,OM INFRA,0.0,,0.0,0.05,1,EQ,NSE,NSE,135959556,531092,OMINFRAL,0.0,,0.0,0.05,1,EQ,BSE,BSE
5496065,21469,OPTIEMUS,OPTIEMUS INFRACOM,0.0,,0.0,0.05,1,EQ,NSE,NSE,135714564,530135,OPTIEMUS,0.0,,0.0,0.05,1,EQ,BSE,BSE
3655169,14278,ORIENTBELL,ORIENT BELL,0.0,,0.0,0.05,1,EQ,NSE,NSE,135773444,530365,ORIENTBELL,0.0,,0.0,0.05,1,EQ,BSE,BSE
762625,2979,ORTINLAB,ORTIN LABORATORIES,0.0,,0.0,0.05,1,EQ,NSE,NSE,138057476,539287,ORTINLAABS,0.0,,0.0,0.05,1,EQ,BSE,BSE
6519809,25468,PAISALO,PAISALO DIGITAL,0.0,,0.0,0.05,1,EQ,NSE,NSE,136422404,532900,PAISALO,0.0,,0.0,0.05,1,EQ,BSE,BSE
4367873,17062,PALREDTEC,PALRED TECHNOLOGIES,0.0,,0.0,0.05,1,EQ,NSE,NSE,136325380,532521,PALRED,0.0,,0.0,0.05,1,EQ,BSE,BSE
2994945,11699,PATELENG,PATEL ENGINEERING.,0.0,,0.0,0.05,1,EQ,NSE,NSE,135966724,531120,PATELENG,0.0,,0.0,0.05,1,EQ,BSE,BSE
3725313,14552,PHOENIXLTD,THE PHOENIX MILLS,0.0,,0.0,0.05,1,EQ,NSE,NSE,128793604,503100,PHOENIXLTD,0.0,,0.0,0.05,1,EQ,BSE,BSE
3618305,14134,PITTIENG,PITTI ENGINEERING,0.0,,0.0,0.05,1,EQ,NSE,NSE,131460868,513519,PITTIENG,0.0,,0.0,0.05,1,EQ,BSE,BSE
2730497,10666,PNB,PUNJAB NATIONAL BANK,0.0,,0.0,0.05,1,EQ,NSE,NSE,136310020,532461,PNB,0.0,,0.0,0.05,1,EQ,BSE,BSE
2987777,11671,PRESSMN,PRESSMAN ADVERTISING,0.0,,0.0,0.05,1,EQ,NSE,NSE,130323716,509077,PRESSMN,0.0,,0.0,0.05,1,EQ,BSE,BSE
908033,3547,PROINDIA,PROSEED INDIA,0.0,,0.0,0.05,1,EQ,NSE,NSE,151054596,590057,PROSEED,0.0,,0.0,0.01,1,EQ,BSE,BSE
701185,2739,PRSMJOHNSN,PRISM JOHNSON,0.0,,0.0,0.05,1,EQ,NSE,NSE,128086532,500338,PRSMJOHNSN,0.0,,0.0,0.05,1,EQ,BSE,BSE
5376257,21001,PSB,PUNJAB & SIND BANK,0.0,,0.0,0.05,1,EQ,NSE,NSE,136523524,533295,PSB,0.0,,0.0,0.05,1,EQ,BSE,BSE
3926273,15337,RAIN,RAIN INDUSTRIES,0.0,,0.0,0.05,1,EQ,NSE,NSE,128086788,500339,RAIN,0.0,,0.0,0.05,1,EQ,BSE,BSE
523009,2043,RAMCOCEM,THE RAMCO CEMENTS,0.0,,0.0,0.05,1,EQ,NSE,NSE,128066564,500260,RAMCOCEM,0.0,,0.0,0.05,1,EQ,BSE,BSE
2009857,7851,RAMCOSYS,RAMCO SYSTEMS.,0.0,,0.0,0.05,1,EQ,NSE,NSE,136286724,532370,RAMCOSYS,0.0,,0.0,0.05,1,EQ,BSE,BSE
726273,2837,RANASUG,RANA SUGARS.,0.0,,0.0,0.05,1,EQ,NSE,NSE,129917444,507490,RANASUG,0.0,,0.0,0.01,1,EQ,BSE,BSE
3930881,15355,RECLTD,REC,0.0,,0.0,0.05,1,EQ,NSE,NSE,136436484,532955,RECLTD,0.0,,0.0,0.05,1,EQ,BSE,BSE
3649281,14255,REDINGTON,REDINGTON (INDIA).,0.0,,0.0,0.05,1,EQ,NSE,NSE,136398084,532805,REDINGTON,0.0,,0.0,0.05,1,EQ,BSE,BSE
3873025,15129,RGL,RENAISSANCE GLOBAL,0.0,,0.0,0.05,1,EQ,NSE,NSE,136428292,532923,RGL,0.0,,0.0,0.05,1,EQ,BSE,BSE
4968961,19410,ROSSARI,ROSSARI BIOTECH,0.0,,0.0,0.05,1,EQ,NSE,NSE,139062532,543213,ROSSARI,0.0,,0.0,0.05,1,EQ,BSE,BSE
3906305,15259,RPOWER,RELIANCE POWER.,0.0,,0.0,0.05,1,EQ,NSE,NSE,136432388,532939,RPOWER,0.0,,0.0,0.01,1,EQ,BSE,BSE
2078465,8119,RPSGVENT,RPSG VENTURES,0.0,,0.0,0.05,1,EQ,NSE,NSE,138837252,542333,RPSGVENT,0.0,,0.0,0.05,1,EQ,BSE,BSE
4441857,17351,SALONA,SALONA COTSPIN.,0.0,,0.0,0.05,1,EQ,NSE,NSE,151054340,590056,SALONACOT,0.0,,0.0,0.05,1,EQ,BSE,BSE
369153,1442,SANOFI,SANOFI INDIA,0.0,,0.0,0.05,1,EQ,NSE,NSE,128172548,500674,SANOFI,0.0,,0.0,0.05,1,EQ,BSE,BSE
2827521,11045,SATIA,SATIA INDUSTRIES,0.0,,0.0,0.05,1,EQ,NSE,NSE,138035460,539201,SATIA,0.0,,0.0,0.05,1,EQ,BSE,BSE
779521,3045,SBIN,STATE BANK OF INDIA,0.0,,0.0,0.05,1,EQ,NSE,NSE,128028676,500112,SBIN,0.0,,0.0,0.05,1,EQ,BSE,BSE
3659777,14296,SEQUENT,SEQUENT SCIENTIFIC.,0.0,,0.0,0.05,1,EQ,NSE,NSE,131207428,512529,SEQUENT,0.0,,0.0,0.05,1,EQ,BSE,BSE
3918849,15308,SHRIRAMEPC,SHRIRAM EPC.,0.0,,0.0,0.05,1,EQ,NSE,NSE,136433924,532945,SHRIRAMEPC,0.0,,0.0,0.01,1,EQ,BSE,BSE
1157633,4522,SIGIND,SIGNET INDUSTRIES,0.0,,0.0,0.05,1,EQ,NSE,NSE,131105540,512131,SIGNETIND,0.0,,0.0,0.05,1,EQ,BSE,BSE
5504257,21501,SIS,SIS,0.0,,0.0,0.05,1,EQ,NSE,NSE,138412292,540673,SIS,0.0,,0.0,0.05,1,EQ,BSE,BSE
4834049,18883,SJVN,SJVN,0.0,,0.0,0.05,1,EQ,NSE,NSE,136500740,533206,SJVN,0.0,,0.0,0.05,1,EQ,BSE,BSE
2413569,9428,SKIPPER,SKIPPER,0.0,,0.0,0.05,1,EQ,NSE,NSE,137871876,538562,SKIPPER,0.0,,0.0,0.05,1,EQ,BSE,BSE
867073,3387,SMLISUZU,SML ISUZU,0.0,,0.0,0.05,1,EQ,NSE,NSE,129329156,505192,SMLISUZU,0.0,,0.0,0.05,1,EQ,BSE,BSE
3668225,14329,SMSPHARMA,SMS PHARMACEUTICALS.,0.0,,0.0,0.05,1,EQ,NSE,NSE,136400644,532815,SMSPHARMA,0.0,,0.0,0.05,1,EQ,BSE,BSE
3539457,13826,SOBHA,SOBHA,0.0,,0.0,0.05,1,EQ,NSE,NSE,136392708,532784,SOBHA,0.0,,0.0,0.05,1,EQ,BSE,BSE
3028225,11829,SSWL,STEEL STRIPS WHEELS.,0.0,,0.0,0.05,1,EQ,NSE,NSE,131395076,513262,SSWL,0.0,,0.0,0.05,1,EQ,BSE,BSE
5499905,21484,STEL,STEL HOLDINGS,0.0,,0.0,0.05,1,EQ,NSE,NSE,136528900,533316,STEL,0.0,,0.0,0.05,1,EQ,BSE,BSE
539393,2107,STOVEKRAFT,STOVE KRAFT,0.0,,0.0,0.05,1,EQ,NSE,NSE,139074564,543260,STOVEKRAFT,0.0,,0.0,0.05,1,EQ,BSE,BSE
4593921,17945,SUVENPHAR,SUVEN PHARMACEUTICALS,0.0,,0.0,0.05,1,EQ,NSE,NSE,139024388,543064,SUVENPHAR,0.0,,0.0,0.05,1,EQ,BSE,BSE
6192641,24190,SYMPHONY,SYMPHONY,0.0,,0.0,0.05,1,EQ,NSE,NSE,132450564,517385,SYMPHONY,0.0,,0.0,0.05,1,EQ,BSE,BSE
3577857,13976,TANLA,TANLA PLATFORMS,0.0,,0.0,0.05,1,EQ,NSE,NSE,136394244,532790,TANLA,0.0,,0.0,0.05,1,EQ,BSE,BSE
404737,1581,TARC,TARC,0.0,,0.0,0.05,1,EQ,NSE,NSE,139071748,543249,TARC,0.0,,0.0,0.05,1,EQ,BSE,BSE
114433,447,TATASTLBSL,TATA STEEL BSL,0.0,,0.0,0.05,1,EQ,NSE,NSE,128014084,500055,TATASTLBSL,0.0,,0.0,0.05,1,EQ,BSE,BSE
4638209,18118,THANGAMAYL,THANGAMAYIL JEWELLERY,0.0,,0.0,0.05,1,EQ,NSE,NSE,136488452,533158,THANGAMAYL,0.0,,0.0,0.05,1,EQ,BSE,BSE
3708161,14485,THEMISMED,THEMIS MEDICARE.,0.0,,0.0,0.05,1,EQ,NSE,NSE,135730948,530199,THEMISMED,0.0,,0.0,0.05,1,EQ,BSE,BSE
3764993,14707,TIMETECHNO,TIME TECHNOPLAST.,0.0,,0.0,0.05,1,EQ,NSE,NSE,136411140,532856,TIMETECHNO,0.0,,0.0,0.05,1,EQ,BSE,BSE
3634689,14198,TIMKEN,TIMKEN INDIA.,0.0,,0.0,0.05,1,EQ,NSE,NSE,133660932,522113,TIMKEN,0.0,,0.0,0.05,1,EQ,BSE,BSE
897537,3506,TITAN,TITAN COMPANY,0.0,,0.0,0.05,1,EQ,NSE,NSE,128029188,500114,TITAN,0.0,,0.0,0.05,1,EQ,BSE,BSE
3945985,15414,TWL,TITAGARH WAGONS.,0.0,,0.0,0.05,1,EQ,NSE,NSE,136439300,532966,TWL,0.0,,0.0,0.05,1,EQ,BSE,BSE
2873089,11223,UCOBANK,UCO BANK,0.0,,0.0,0.05,1,EQ,NSE,NSE,136321284,532505,UCOBANK,0.0,,0.0,0.01,1,EQ,BSE,BSE
6537217,25536,UJAAS,UJAAS ENERGY,0.0,,0.0,0.05,1,EQ,NSE,NSE,136612868,533644,UJAAS,0.0,,0.0,0.01,1,EQ,BSE,BSE
2752769,10753,UNIONBANK,UNION BANK OF INDIA,0.0,,0.0,0.05,1,EQ,NSE,NSE,136314116,532477,UNIONBANK,0.0,,0.0,0.05,1,EQ,BSE,BSE
2889473,11287,UPL,UPL,0.0,,0.0,0.05,1,EQ,NSE,NSE,131089924,512070,UPL,0.0,,0.0,0.05,1,EQ,BSE,BSE
2263041,8840,USHAMART,USHA MARTIN.,0.0,,0.0,0.05,1,EQ,NSE,NSE,132389380,517146,USHAMART,0.0,,0.0,0.05,1,EQ,BSE,BSE
3424257,13376,UTTAMSUGAR,UTTAM SUGAR MILLS.,0.0,,0.0,0.05,1,EQ,NSE,NSE,136378628,532729,UTTAMSUGAR,0.0,,0.0,0.05,1,EQ,BSE,BSE
2909185,11364,VAIBHAVGBL,VAIBHAV GLOBAL,0.0,,0.0,0.05,1,EQ,NSE,NSE,136231940,532156,VAIBHAVGBL,0.0,,0.0,0.05,1,EQ,BSE,BSE
3415553,13342,VAKRANGEE,VAKRANGEE,0.0,,0.0,0.05,1,EQ,NSE,NSE,130926340,511431,VAKRANGEE,0.0,,0.0,0.05,1,EQ,BSE,BSE
933377,3646,VARDMNPOLY,VARDHMAN POLYTEX.,0.0,,0.0,0.05,1,EQ,NSE,NSE,131628804,514175,VARDMNPOLY,0.0,,0.0,0.05,1,EQ,BSE,BSE
4636161,18110,VASCONEQ,VASCON ENGINEERS,0.0,,0.0,0.05,1,EQ,NSE,NSE,136487940,533156,VASCONEQ,0.0,,0.0,0.05,1,EQ,BSE,BSE
784129,3063,VEDL,VEDANTA,0.0,,0.0,0.05,1,EQ,NSE,NSE,128075524,500295,VEDL,0.0,,0.0,0.05,1,EQ,BSE,BSE
2542337,9931,VIKASLIFE,VIKAS LIFECARE,0.0,,0.0,0.05,1,EQ,NSE,NSE,138919684,542655,VIKASLIFE,0.0,,0.0,0.01,1,EQ,BSE,BSE
3013889,11773,VISHAL,VISHAL FABRICS,0.0,,0.0,0.05,1,EQ,NSE,NSE,137881092,538598,VISHAL,0.0,,0.0,0.05,1,EQ,BSE,BSE
3026177,11821,WELCORP,WELSPUN CORP,0.0,,0.0,0.05,1,EQ,NSE,NSE,136228868,532144,WELCORP,0.0,,0.0,0.05,1,EQ,BSE,BSE
3584769,14003,ZEEMEDIA,ZEE MEDIA CORPORATION,0.0,,0.0,0.05,1,EQ,NSE,NSE,136395268,532794,ZEEMEDIA,0.0,,0.0,0.01,1,EQ,BSE,BSE
