bse_symbol,nse_symbol,bse_token,nse_token
ABB,ABB,128000516,3329
AEGISLOG,AEGISCHEM,128000772,10241
AMARAJABAT,AMARAJABAT,128002052,25601
HDFC,HDFC,128002564,340481
ANSALAPI,ANSALAPI,128003332,37889
BOMDYEING,BOMDYEING,128005124,131329
ASIANHOTNR,ASIANHOTNR,128005892,4716033
ATUL,ATUL,128006916,67329
BAJAJELEC,BAJAJELEC,128007940,3848705
BAJAJHIND,BAJAJHIND,128008196,78849
FORCEMOT,FORCEMOT,128008452,2962689
BAJFINANCE,BAJFINANCE,128008708,81153
BALRAMCHIN,BALRAMCHIN,128009732,87297
BANCOINDIA,BANCOINDIA,128009988,3553281
CENTURYTEX,CENTURYTEX,128010244,160001
BANARISUG,BANARISUG,128010500,89601
BASF,BASF,128010756,94209
BATAINDIA,BATAINDIA,128011012,94977
BEML,BEML,128012292,101121
BEL,BEL,128012548,98049
BEPL,BEPL,128013316,107265
TATASTLBSL,TATASTLBSL,128014084,114433
BIRLACABLE,BIRLACABLE,128015364,122113
BLUESTARCO,BLUESTARCO,128017156,2127617
BPL,BPL,128018948,135681
OAL,OAL,128019972,2756609
CENTEXT,CENTEXT,128021252,2946817
CESC,CESC,128021508,160769
CHAMBLFERT,CHAMBLFERT,128021764,163073
EXIDEIND,EXIDEIND,128022020,173057
CIPLA,CIPLA,128022276,177665
DICIND,DICIND,128022788,179969
CRISIL,CRISIL,128023556,193793
CGPOWER,CGPOWER,128023812,194561
DABUR,DABUR,128024580,197633
DALMIASUG,DALMIASUG,128024836,199937
ARVIND,ARVIND,128025860,49409
BALLARPUR,BALLARPUR,128026116,
BHEL,BHEL,128026372,112129
HINDPETRO,HINDPETRO,128026628,359937
IFCI,IFCI,128027140,381697
MTNL,MTNL,128027652,587265
MRPL,MRPL,128027908,584449
CHENNPETRO,CHENNPETRO,128028164,524545
RELCAPITAL,RELCAPITAL,128028420,737793
SBIN,SBIN,128028676,779521
SAIL,SAIL,128028932,758529
TITAN,TITAN,128029188,897537
IDBI,IDBI,128029700,377857
DCW,DCW,128029956,209153
DHAMPURSUG,DHAMPURSUG,128030468,219393
DRREDDY,DRREDDY,128031748,225537
EIDPARRY,EIDPARRY,128032004,234497
PGHL,PGHL,128032260,240641
ELECTCAST,ELECTCAST,128032772,237569
ESABINDIA,ESABINDIA,128034052,244481
EPL,EPL,128034564,251137
ESTER,ESTER,128034820,6211841
FINCABLES,FINCABLES,128036868,265729
UFLEX,UFLEX,128037892,269569
FOSECOIND,FOSECOIND,128038404,274689
GOLDENTOBC,GOLDENTOBC,128038660,321281
GTL,GTL,128040964,297473
GODFRYPHLP,GODFRYPHLP,128041732,302337
GODREJIND,GODREJIND,128041988,2796801
KANSAINER,KANSAINER,128042244,306177
GOODYEAR,GOODYEAR,128043012,308481
GHCL,GHCL,128043780,288513
GFLLIMITED,GFLLIMITED,128044292,329985
GLFL,GLFL,128044548,295937
HCL-INSYS,HCL-INSYS,128045828,339713
HDFCBANK,HDFCBANK,128046084,341249
HEROMOTOCO,HEROMOTOCO,128046596,345089
HFCL,HFCL,128046852,5619457
HSCL,HSCL,128047108,3669505
HCC,HCC,128047364,352001
HINDOILEXP,HINDOILEXP,128047620,359169
HSIL,HSIL,128047876,361473
HINDZINC,HINDZINC,128048132,364545
NXTDIGITAL,NXTDIGITAL,128048388,3724033
HMT,HMT,128048900,
HLVLTD,HLVLTD,128049412,370689
IGPL,IGPL,128050948,3606017
INDIAGLYCO,INDIAGLYCO,128051460,389377
INDORAMA,INDORAMA,128052996,2814209
INFY,INFY,128053508,408065
INGERRAND,INGERRAND,128053764,408833
ATFL,ATFL,128055044,425729
JISLJALEQS,JISLJALEQS,128056068,2661633
JINDALPOLY,JINDALPOLY,128058116,449537
JSWSTEEL,JSWSTEEL,128058372,3001089
UMANGDAIR,UMANGDAIRY,128059140,2915073
KAJARIACER,KAJARIACER,128059652,462849
KAKATCEM,KAKATCEM,128059908,463617
KSL,KSL,128060164,4835585
WHIRLPOOL,WHIRLPOOL,128060932,4610817
KIRLOSBROS,KIRLOSBROS,128061700,4756737
KIRLOSIND,KIRLOSIND,128062212,4870401
KIRLFER,KIRLFER,128062724,3703297
KOTAKBANK,KOTAKBANK,128063236,492033
KSB,KSB,128063748,498945
LGBBROSLTD,LGBBROSLTD,128064004,4690177
TRENT,TRENT,128064260,502785
LAXMIMACH,LAXMIMACH,128064516,506625
LICHSGFIN,LICHSGFIN,128064772,511233
LUPIN,LUPIN,128065796,2672641
LYKALABS,LYKALABS,128066308,
RAMCOCEM,RAMCOCEM,128066564,523009
MAHSEAMLES,MAHSEAMLES,128067844,534529
MAHSCOOTER,MAHSCOOTER,128068100,533761
MANALIPETC,MANALIPETC,128068612,3531777
MFSL,MFSL,128069380,548353
MIRCELECTR,MIRCELECTR,128071428,563713
CENTENKA,CENTENKA,128071684,158465
SPICEJET,SPICEJET,128072964,2930177
MOREPENLAB,MOREPENLAB,128073732,578305
MRF,MRF,128074244,582913
HEIDELBERG,HEIDELBERG,128074756,592897
NCC,NCC,128075268,593665
VEDL,VEDL,128075524,784129
NAHARSPING,NAHARSPING,128075780,3696641
GRASIM,GRASIM,128076804,315393
PEL,PEL,128077316,617473
NIITLTD,NIITLTD,128077828,2949633
ONGC,ONGC,128079876,633601
ORIENTHOT,ORIENTHOT,128080388,638209
OSWALAGRO,OSWALAGRO,128081156,643585
RELIANCE,RELIANCE,128083204,738561
PILITA,PILITA,128083716,7893761
RAYMOND,RAYMOND,128084484,731905
PIDILITIND,PIDILITIND,128084740,681985
BIRLACORPN,BIRLACORPN,128085764,122881
SURYAROSNI,SURYAROSNI,128086020,864001
PRIMESECU,PRIMESECU,128086276,3037185
PRSMJOHNSN,PRSMJOHNSN,128086532,701185
RAIN,RAIN,128086788,3926273
AMJLAND,AMJLAND,128087812,665089
RSWM,RSWM,128089604,715265
RAJSREESUG,RAJSREESUG,128090628,719105
RALLIS,RALLIS,128090884,720897
RAMANEWS,RAMANEWS,128091140,3472641
ROLTA,ROLTA,128093700,747009
RUCHISOYA,RUCHI,128094212,4359425
JINDALSAW,JINDALSAW,128096772,774145
JKLAKSHMI,JKLAKSHMI,128097284,3453697
SHREECEM,SHREECEM,128099076,794369
RELINFRA,RELINFRA,128099844,141569
TATAPOWER,TATAPOWER,128102404,877057
SPMLINFRA,SPMLINFRA,128102916,
SUNDRMFAST,SUNDRMFAST,128103172,856321
SUNFLAG,SUNFLAG,128103428,857089
SUPPETRO,SUPPETRO,128103684,860161
SWARAJENG,SWARAJENG,128104196,866305
TATAELXSI,TATAELXSI,128104452,873217
ACC,ACC,128104964,5633
THERMAX,THERMAX,128105220,889601
TIRUMALCHM,TIRUMALCHM,128105476,894977
THOMASCOOK,THOMASCOOK,128105732,891137
TOKYOPLAST,TOKYOPLAST,128107012,982273
TORNTPHARM,TORNTPHARM,128107524,900609
AMBUJACEM,AMBUJACEM,128108804,325121
UNIPHOS,UNIENTER,128109828,2891009
VHL,VHL,128112388,3044353
HINDALCO,HINDALCO,128112644,348929
WSTCSTPAPR,WSTCSTPAPR,128113668,972545
PGHH,PGHH,128117508,648961
MUKANDLTD,MUKANDLTD,128117764,
AGCNET,AGCNET,128118532,879361
UCALFUEL,UCALFUEL,128118788,913921
HARRMALAYA,HARRMALAYA,128119556,336129
FEDERALBNK,FEDERALBNK,128120068,261889
TATASTEEL,TATASTEEL,128120324,895745
SKFINDIA,SKFINDIA,128120836,815617
ASHOKLEY,ASHOKLEY,128122116,54273
CUMMINSIND,CUMMINSIND,128122884,486657
TATACOMM,TATACOMM,128123652,952577
ABBOTINDIA,ABBOTINDIA,128124932,4583169
BAJAJHLDNG,BAJAJHLDNG,128125444,78081
BHARATFORG,BHARATFORG,128126212,108033
ESCORTS,ESCORTS,128126724,245249
HINDMOTORS,HINDMOTORS,128128004,5549057
LT,LT,128130564,2939649
M&M,M&M,128133124,519937
BOSCHLTD,BOSCHLTD,128135684,558337
PREMIER,PREMIER,128138244,
BPCL,BPCL,128140036,134657
SIEMENS,SIEMENS,128140804,806401
TATAMOTORS,TATAMOTORS,128145924,884737
VOLTAS,VOLTAS,128147204,951809
GESHIP,GESHIP,128158724,3526657
DEEPAKFERT,DEEPAKFERT,128165124,211713
EXCELINDUS,EXCELINDUS,128166404,2936577
GLAXO,GLAXO,128168964,295169
GNFC,GNFC,128171524,300545
NOVARTIND,NOVARTIND,128172036,2305793
SANOFI,SANOFI,128172548,369153
PFIZER,PFIZER,128174084,676609
GSFC,GSFC,128176644,319233
HINDUNILVR,HINDUNILVR,128178180,356865
AKZOINDIA,AKZOINDIA,128181764,375553
NOCIL,NOCIL,128186884,625153
TATACHEM,TATACHEM,128197124,871681
TNPETRO,TNPETRO,128198916,898305
ZUARIGLOB,ZUARIGLOB,128199684,979713
NESTLEIND,NESTLEIND,128202244,4598529
TATACONSUM,TATACONSUM,128204804,878593
ASIANPAINT,ASIANPAINT,128209924,60417
BRITANNIA,BRITANNIA,128211204,140033
COLPAL,COLPAL,128212484,3876097
EIHOTEL,EIHOTEL,128215044,235265
INDHOTEL,INDHOTEL,128217604,387073
CASTROLIND,CASTROLIND,128222724,320001
ITC,ITC,128224004,424961
APOLLOTYRE,APOLLOTYRE,128224516,41729
CEATLTD,CEATLTD,128224772,3905025
MODIRUBBER,MODIRUBBER,128227844,
FINOLEXIND,FINPIPE,128240644,266497
CENTRUM,CENTRUM,128294404,628225
TCIFINANCE,TCIFINANCE,128317956,1221377
IITL,IITL,128331524,4998401
TATAINVEST,TATAINVEST,128333060,414977
MOTOGENFIN,MOTOGENFIN,128343812,580609
BBTC,BBTC,128364804,97281
GREAVESCOT,GREAVESCOT,128372484,316161
SAGCEM,SAGCEM,128535044,3601409
DECCANCE,DECCANCE,128547076,3798529
MANGLMCEM,MANGLMCEM,128552196,539137
NCLIND,NCLIND,128555012,3709441
SHREDIGCEM,SHREDIGCEM,128558084,793345
BORORENEW,BORORENEW,128568068,806145
ANDHRAPAP,ANDHRAPAP,128596484,42497
BALKRISIND,BALKRISIND,128602884,85761
ORIENTPPR,ORIENTPPR,128619524,638977
ROLLT,ROLLT,128626692,4890625
SESHAPAPER,SESHAPAPER,128627204,784897
SINTEX,SINTEX,128701956,1492737
DCM,DCM,128721924,206081
KESORAMIND,KESORAMIND,128751876,475905
VTL,VTL,128764420,530689
PENINLAND,PENINLAND,128775940,
PHOENIXLTD,PHOENIXLTD,128793604,3725313
MARATHON,MARATHON,128793860,4776705
RUBYMILLS,RUBYMILLS,128811268,752385
SWANENERGY,SWANENERGY,128847364,6936321
BANSWRAS,BANSWRAS,128952836,3714817
SRF,SRF,128974340,837889
SIYSIL,SIYSIL,128975620,3608577
BBL,BBL,129013764,3522817
EMCO,EMCO,129026052,
HIRECT,HIRECT,129033220,3555841
NIPPOBATRY,NIPPOBATRY,129038852,1736193
ZENSARTECH,ZENSARTECH,129041156,275457
NELCO,NELCO,129052676,611329
UNIVCABLES,UNIVCABLES,129078276,923393
WSIND,WSI,129080324,
DELTAMAGNT,DELTAMAGNT,129097220,310785
SARDAEN,SARDAEN,129181188,4546049
INDIANHUME,INDIANHUME,129213700,391681
ORIENTABRA,ORIENTABRA,129249028,3356417
TINPLATE,TINPLATE,129271300,894209
CHOLAHLDNG,CHOLAHLDNG,129273092,5565441
AUTOAXLES,AUTOAXLES,129282564,71169
SETCO,SETCO,129299204,4483585
TALBROAUTO,TALBROAUTO,129320964,3493889
SMLISUZU,SMLISUZU,129329156,867073
TIL,TIL,129330180,
EICHERMOT,EICHERMOT,129331204,232961
DYNAMATECH,DYNAMATECH,129341956,1158401
GMM,GMMPFAUDLR,129345284,401921
MANUGRAPH,MANUGRAPH,129362948,3474433
NESCO,NESCO,129370884,3944705
REVATHI,REVATHI,129374212,3062017
TEXINFRA,TEXINFRA,129382404,2956545
WENDT,WENDT,129385476,1084161
RESPONIND,RESPONIND,129410308,5202689
DOLAT,DOLAT,129414660,3103745
WESTLIFE,WESTLIFE,129416452,2964481
ZEEL,ZEEL,129417476,975873
BHARATGEAR,BHARATGEAR,129456132,109057
ELECON,ELECON,129459204,3492609
GABRIEL,GABRIEL,129462788,277761
HERCULES,HERCULES,129464324,3913729
IFBIND,IFBIND,129465860,380161
FMGOETZE,FMGOETZE,129470468,304641
SCHAEFFLER,SCHAEFFLER,129482244,258817
RANEHOLDIN,RANEHOLDIN,129484804,728065
TRF,TRF,129498628,4604673
KENNAMET,KENNAMET,129507844,3031297
PRAKASH,PRAKASH,129541636,693249
ARSHIYA,ARSHIYA,129554948,4562177
GRINDWELL,GRINDWELL,129555460,3471361
LAKPRE,LAKPRE,129556228,
GENESYS,GENESYS,129563908,2791681
VIVIDHA,VIVIDHA,129573380,
KANANIIND,KANANIIND,129583108,6601217
ASL,ARIHANTSUP,129585668,
BLISSGVS,BLISSGVS,129586436,4931841
INEOSSTYRO,INEOSSTYRO,129592836,4865
ALEMBICLTD,ALEMBICLTD,129596164,20225
MODISNME,MODISNME,129602820,848897
BAYERCROP,BAYERCROP,129608964,4589313
CLNINDIA,CLNINDIA,129635844,183041
COROMANDEL,COROMANDEL,129637124,189185
DEEPAKNI,DEEPAKNTR,129638660,5105409
GOCLCORP,GOCLCORP,129658884,1014529
KANORICHEM,KANORICHEM,129670404,469761
ORIENTCQ,OCCL,129684228,3131137
PHILIPCARB,PHILIPCARB,129687044,678145
PUNJABCHEM,PUNJABCHEM,129694212,1112065
SUDARSCHEM,SUDARSCHEM,129703684,851713
UNICHEMLAB,UNICHEMLAB,129712644,916225
ALKYLAMINE,ALKYLAMINE,129732356,1148673
ASTRAZEN,ASTRAZEN,129745924,1436161
JBCHEPHARM,JBCHEPHARM,129777412,441857
TI,TI,129844484,4914177
SAKHTISUG,SAKHTISUG,129872644,
WALCHANNAG,WALCHANNAG,129896964,956417
IFBAGRO,IFBAGRO,129904132,379393
DHARSUGAR,DHARSUGAR,129905156,221697
GMBREW,GMBREW,129916932,299009
RANASUG,RANASUG,129917444,726273
SDBL,SDBL,129923588,
ASALCBR,ASALCBR,129926660,4505089
IVP,IVP,129940484,430337
WIPRO,WIPRO,129967364,969473
DHANUKA,DHANUKA,129975556,6248705
TTKHEALTH,TTKHLTCARE,129983236,2910465
KANPRPLA,KANPRPLA,129991428,456193
TAINWALCHM,TAINWALCHM,129992964,869377
JAGSNPHARM,JAGSNPHARM,129993988,1128961
KHAICHEM,KHAICHEM,129995268,229377
GILLETTE,GILLETTE,130000644,403457
ANSALHSG,ANSALHSG,130003972,3500289
UNITECH,UNITECH,130016772,
VIPIND,VIPIND,130017284,947969
COSMOFILMS,COSMOFILMS,130256388,189953
APOLLOHOSP,APOLLOHOSP,130270468,40193
EVERESTIND,EVERESTIND,130279940,254209
AYMSYNTEX,AYMSYNTEX,130286852,2632961
NAVNETEDUL,NAVNETEDUL,130301188,610561
AUSOMENT,AUSOMENT,130306308,1033473
RUCHINFRA,RUCHINFRA,130309124,
VISAKAIND,VISAKAIND,130318084,1080577
INFOMEDIA,INFOMEDIA,130321668,
PRESSMN,PRESSMN,130323716,2987777
GUFICBIO,GUFICBIO,130324228,2971137
GRPLTD,GRPLTD,130342916,1675009
PTL,PTL,130360324,3609857
TVSSRICHAK,TVSSRICHAK,130366212,3646721
BERGEPAINT,BERGEPAINT,130426884,103425
GRAPHITE,GRAPHITE,130428932,151553
ITDCEM,ITDCEM,130430980,1439233
GARFIBRES,GARFIBRES,130446596,281601
GOACARBON,GOACARBON,130449156,3759873
HEG,HEG,130465540,342017
HINDCOMPOS,HINDCOMPOS,130466564,351233
HIL,HIL,130476804,372481
INDIANCARD,INDIANCARD,130481156,1132033
JAYSHREETEA,JAYSREETEA,130487044,440321
HUHTAMAKI,HUHTAMAKI,130513924,655873
SHALPAINTS,SHALPAINTS,130527748,3927553
SUPREMEIND,SUPREMEIND,130542084,860929
VSTIND,VSTIND,130551300,953345
JINDRILL,JINDRILL,130824708,3552001
DHFL,DHFL,130834436,215553
SHIVTEX,SHIVATEX,130843652,205825
CANFINHOME,CANFINHOME,130866180,149249
IVC,IVC,130869252,
SRTRANSFIN,SRTRANSFIN,130871812,1102337
CHOLAFIN,CHOLAFIN,130878212,175361
VLSFINANCE,VLSFINANCE,130901252,951041
VIDEOIND,VIDEOIND,130915588,
CREST,CREST,130921732,3558401
VAKRANGEE,VAKRANGEE,130926340,3415553
INDBANK,INDBANK,130937092,4334849
CAPITALT,CAPTRUST,130945284,4978433
TIMESGTY,TIMESGTY,130959108,2743553
DCMFINSERV,DCMFINSERV,130972420,1222401
JIKIND,JIKIND,130974212,
SAMBHAAV,SAMBHAAV,130977284,
GICHSGFIN,GICHSGFIN,130989060,291585
VIPUL,VIPULLTD,131001860,2156545
MUTHTFN,MUTHOOTCAP,131012100,2666241
UPL,UPL,131089924,2889473
SIGNETIND,SIGIND,131105540,1157633
SECURKLOUD,SECURKLOUD,131113220,2830849
SUNTECK,SUNTECK,131117828,4516097
JAICORPLTD,JAICORPLTD,131132676,1316609
BHAGYNAGAR,BHAGYANGR,131147780,5318657
DONEAR,DONEAR,131204868,3542785
SEQUENT,SEQUENT,131207428,3659777
STCINDIA,STCINDIA,131207940,2802689
ZENITHEXPO,ZENITHEXPO,131213572,
AVANTI,AVANTIFEED,131218692,2031617
ZODJRDMKJ,ZODJRDMKJ,131222276,
KEYFINSER,KEYFINSERV,131224836,1064193
ADANIENT,ADANIENT,131225348,6401
BHANDHOS,BHANDARI,131227652,5006337
ORBTEXP,ORBTEXP,131232260,8057601
TATASTLLP,TATASTLLP,131330564,419585
NBVENTURES*,NBVENTURES,131333892,1027585
GANDHITUBE,GANDHITUBE,131355652,3613697
ORICON,ORICONENT,131358980,2600705
UTTAMSTL,UTTAMSTL,131383300,930305
PENIND,PENIND,131386372,5278977
JYOTISTRUC,JYOTISTRUC,131392004,
SSWL,SSWL,131395076,3028225
MANINDS,MANINDS,131396868,3042305
METALFORGE,METALFORGE,131413764,
GRANDFONRY,GFSTEELS,131415812,
AJMERA,AJMERA,131417348,4430593
CARBORUNIV,CARBORUNIV,131424004,152321
MMTC,MMTC,131424516,4596993
SMPL,SMPL,131433988,
TATAMETALI,TATAMETALI,131439108,876289
JSWISPL,JSWISPL,131442180,1195777
KALYANIFRG,KALYANIFRG,131458308,
PITTIENG,PITTIENG,131460868,3618305
MAHASTEEL,MAHASTEEL,131469828,4486913
HINDCOPPER,HINDCOPPER,131481348,4592385
SRIPIPES,SRIPIPES,131482884,3821313
NLCINDIA,NLCINDIA,131502852,2197761
JMTAUTOLTD,JMTAUTOLTD,131504900,3704321
AROGRANITE,AROGRANITE,131514628,3726593
JBFIND,JBFIND,131592708,
HIMATSEIDE,HIMATSEIDE,131595012,348161
BSL,BSL,131595524,143105
TTL,TTL,131620356,
WELSPUNIND,WELSPUNIND,131625476,2880769
GANECOS,GANECOS,131626756,1777665
VARDMNPOLY,VARDMNPOLY,131628804,933377
SUMEETINDS,SUMEETINDS,131638020,
SANGAMIND,SANGAMIND,131643908,1071105
AARVEEDEN,AARVEEDEN,131654148,
ASHIMASYN,ASHIMASYN,131657220,
PIONEEREMB,PIONEEREMB,131660804,3446529
PATSPINLTD,PATSPINLTD,131667460,
PREMIERPOL,PREMIERPOL,131674628,1000449
ASAHIINDIA,ASAHIINDIA,131847684,1376769
MURUDCERA,MURUDCERA,131849476,592129
ANANTRAJ,ANANTRAJ,131854084,3486721
MADHAV,MADHAV,131863812,3878657
HINDNATGLS,HINDNATGLS,131877124,4363777
MANGTIMBER,MANGTIMBER,132097796,539905
SHREYANIND,SHREYANIND,132100100,800257
STARPAPER,STARPAPER,132101636,842497
ARROWGREEN,ARROWGREEN,132112388,
VISHNU,VISHNU,132114436,1768449
NRAGRINDQ,NRAIL,132116996,5200385
3PLAND,3PLAND,132119556,664321
VINDHYATEL,VINDHYATEL,132355844,945665
ADORWELD,ADORWELD,132362500,8705
SALZER,SALZERELEC,132367108,2918145
USHAMART,USHAMART,132389380,2263041
SUBROS,SUBROS,132395012,850945
HONAUT,HONAUT,132396548,874753
LUMAXIND,LUMAXIND,132404740,516609
DIGISPICE,DIGISPICE,132406788,4270849
PAEL,PAEL,132410884,
HBLPOWER,HBLPOWER,132421380,3575297
S&SPOWER,S&SPOWER,132421892,755457
GIPCL,GIPCL,132428804,293121
CMI,CMICABLES,132436484,4898049
MOTHERSUMI,MOTHERSUMI,132437508,1076225
MINDTECK,MINDTECK,132440068,4620545
HAVELLS,HAVELLS,132442628,2513665
IGARASHI,IGARASHI,132449284,162305
SYMPHONY,SYMPHONY,132450564,6192641
SHYAMTEL,SHYAMTEL,132457220,
BUTTERFLY,BUTTERFLY,132459780,695297
RSSOFTWARE,RSSOFTWARE,132466436,1645825
WEBELSOLAR,WEBELSOLAR,132479492,3738113
TTKPRESTIG,TTKPRESTIG,132481540,907777
RAJGLOWIR,RAJRATAN,132485636,4854273
SURANAT&P,SURANAT&P,132487684,2739201
ONWARDTEC,ONWARDTEC,132489220,
CENTUM,CENTUM,132491268,3835393
TRIGYN,TRIGYN,132495876,1389569
KEI,KEI,132497668,3407361
INDLMETER,INDLMETER,132498180,1008129
GSCLCEMENT,GSCLCEMENT,132615428,7641601
APCL,APCL,132631300,5235969
TASTYBIT,TASTYBITE,132887300,5143553
AVTNPL,AVTNPL,132890884,3586049
HNDFDS,HNDFDS,132896260,3116289
NAHARINDUS,NAHARINDUS,132898820,3355137
VADILALIND,VADILALIND,132903940,6194177
ADFFOODS,ADFFOODS,132910852,5058817
WILLAMAGOR,WILLAMAGOR,132921348,965633
SANWARIA,SANWARIA,132930564,
VIKASWSP,VIKASWSP,132942596,944129
ANIKINDS,ANIKINDS,132962052,4264193
NKIND,NKIND,132990468,
HERITGFOOD,HERITGFOOD,133005316,1177089
DFM,DFMFOODS,133014532,4933377
CCL,CCL,133017604,2931713
KELLTONTEC,KELLTONTEC,133018116,3438081
RICOAUTO,RICOAUTO,133122052,744705
OMAXAUTO,OMAXAUTO,133125380,2796033
MUNJALSHOW,MUNJALSHOW,133131012,590593
JAMNAAUTO,JAMNAAUTO,133133060,5319169
SUNCLAYLTD,SUNCLAYLTD,133134340,7426049
JTEKTINDIA,JTEKTINDIA,133134596,828673
MUNJALAU,MUNJALAU,133135108,3458817
JAYBARMARU,JAYBARMARU,133136900,437249
SICAL,SICAL,133142020,1630209
RATNAMANI,RATNAMANI,133148420,3443457
VESUVIUS,VESUVIUS,133148932,941057
ASAL,ASAL,133150468,2722305
SHREYAS,SHREYAS,133158660,801025
EUROTEXIND,EUROTEXIND,133379588,255745
ICIL,ICIL,133380100,3068673
MARALOVER,MARALOVER,133380612,540673
SOMATEX,SOMATEX,133384708,1075457
TRIDENT,TRIDENT,133392388,2479361
ALOKTEXT,ALOKINDS,133393924,4524801
SPENTEX,SPENTEX,133396996,
NAGREEKEXP,NAGREEKEXP,133403908,3763713
ZODIACLOTH,ZODIACLOTH,133417732,978177
SUPERSPIN,SUPERSPIN,133422084,
SILINV,SILINV,133425668,1050881
SURYALAXMI,SURYALAXMI,133427204,
DAMOINDUS,DAMODARIND,133432324,4490497
KITEX,KITEX,133439492,7398145
UNIDT,UNIDT,133635588,51457
WINDMACHIN,WINDMACHIN,133639428,6392065
SHANTIGEAR,SHANTIGEAR,133640708,787969
HONDAPOWER,HONDAPOWER,133648388,803329
HITECHGEAR,HITECHGEAR,133650692,1134849
ELGIEQUIP,ELGIEQUIP,133650948,239873
TIMKEN,TIMKEN,133660932,3634689
PRAJIND,PRAJIND,133684484,692481
HLEGLAS,HLEGLAS,133687044,585985
GUJAPOLLO,GUJAPOLLO,133687556,3757313
MMFL,MMFL,133693700,3544065
MAYURUNIQ,MAYURUNIQ,133695748,7399937
JMCPROJECT,JMCPROJECT,133699332,1134081
GET&D,GET&D,133702404,4296449
JAYNECOIND,JAYNECOIND,133704964,596737
KALPATPOWR,KALPATPOWR,133705476,464385
CONTROLPR,CONTROLPR,133707524,4474113
WEIZMANIND,WEIZMANIND,133890820,959489
SAFARIND,SAFARI,133894404,3336961
EIHAHOTELS,EIHAHOTELS,133920516,3942145
ABAN,ABAN,133940228,2561
KOKUYOCMLN,KOKUYOCMLN,133940996,4307713
PEARLPOLY,PEARLPOLY,133954564,668161
VENKYS,VENKEYS,133954820,961793
ADVANIHOTR,ADVANIHOTR,133956868,3774721
SUPERHOUSE,SUPERHOUSE,133960452,5277697
TCPLPACK,TCPLPACK,133965060,47105
BALMLAWRIE,BALMLAWRIE,133969668,86529
DCMSHRIRAM,DCMSHRIRAM,133981956,207617
MAWANASUG,MAWANASUG,133982980,4357633
MAHAPEXLTD,MAHAPEXLTD,133986308,
NILKAMAL,NILKAMAL,133986564,619777
NAHARPOLY,NAHARPOLY,133988100,3697921
3MINDIA,3MINDIA,133989124,121345
JCHAC,JCHAC,133989892,1149697
JMFINANCIL,JMFINANCIL,133991684,3491073
TNTELE,TNTELE,133995268,
RIIL,RIIL,134001924,745473
LINDEINDIA,LINDEINDIA,134004996,416513
PRECWIRE,PRECWIRE,134025988,695553
FEL,FEL,134034948,2692097
SCI,SCI,134041092,780289
ITI,ITI,134044164,428801
DREDGECORP,DREDGECORP,134046212,2885377
PODDAR,PODDARHOUS,134048772,5234177
NFL,NFL,134049284,3564801
PIIND,PIIND,134052356,6191105
PLASTIBLEN,PLASTIBLEN,134053892,3563521
WATERBASE,WATERBASE,134056964,958721
APCOTEXIND,APCOTEXIND,134065668,39425
MASTEK,MASTEK,134068228,543745
EIMCOELECO,EIMCOELECO,134069252,1034241
ASHIANA,ASHIANA,134071300,6247169
DVL,DVL,134076420,3894785
MAHEPC,MAHEPC,134081028,4506369
SREINFRA,SREINFRA,134081540,836353
MAZDALTD,MAZDA,134090756,4829697
VICEROY,VICEROY,134091780,
MENONBE,MENONBE,134099972,1782017
GUJRAFIA,GUJRAFFIA,134102020,
SIMPLEXINF,SIMPLEXINF,134102532,809473
MAGMA,MAGMA,134144004,2919169
KINGFA,KINGFA,134148868,4849665
POLYPLEX,POLYPLEX,134157060,687873
ALBERTDA,ALBERTDAVD,134163204,4417537
ACRYSIL,ACRYSIL,134167300,481025
KABRAEXTRU,KABRAEXTRU,134171908,462081
VINYLINDIA,VINYLINDIA,134177028,4306177
IOLCP,IOLCP,134185988,5225729
VINATIORGA,VINATIORGA,134195204,4445185
AARTIIND,AARTIIND,134197252,1793
WANBURY,WANBURY,134198276,
GAEL,GAEL,134201860,2259969
RCF,RCF,134202884,733697
KOPRAN,KOPRAN,134215684,491265
SEYAIND,SEYAIND,134226948,2771969
JAYAGROGN,JAYAGROGN,134228484,1034497
BCLIL,BCLIND,134228996,643329
AARTIDRUGS,AARTIDRUGS,134233092,1147137
BODALCHEM,BODALCHEM,134238724,6404353
ORCHIDPHAR,ORCHPHARMA,134239236,237057
VIMTALABS,VIMTALABS,134244868,3353857
BIOFILCHEM,BIOFILCHEM,134245380,1058817
MARKSANS,MARKSANS,134247428,2708225
IPCALAB,IPCALAB,134270468,418049
KILITCH,KILITCH,134272004,
KREBSBIO,KREBSBIO,134276612,495873
NEULANDLAB,NEULANDLAB,134286852,615937
PODARPIGQ,PODDARMENT,134289924,4873217
AKSCHEM,AKSHARCHEM,134297092,5165569
SOTL,SOTL,134314756,773377
HESTERBIO,HESTERBIO,134315268,1804289
NACLIND,NACLIND,134325508,5228801
SUNPHARMA,SUNPHARMA,134327044,857857
HIKAL,HIKAL,134332164,2475009
CAPPL,CAPLIPOINT,134333956,999937
AUROPHARMA,AUROPHARMA,134349828,70401
NATCOPHARM,NATCOPHARM,134352900,1003009
PANAMAPET,PANAMAPET,134353924,6500353
BALPHARMA,BALPHARMA,134354948,
CUBEXTUB,CUBEXTUB,134662916,
HITECHCORP,HITECHCORP,134711556,3881217
FILATEX,FILATEX,134714116,6280193
MERCATOR,MERCATOR,134716164,3040257
PREMEXPLQ,PREMEXPLN,134719236,4453633
MOLDTEK,MOLDTECH,134723332,4512001
MPHASIS,MPHASIS,134732548,1152769
ORIENTLTD,ORIENTLTD,134739204,4661249
GANESHHOUC,GANESHHOUC,134749956,3670785
NMDC,NMDC,134750980,3924993
PATINTLOG,PATINTLOG,134753540,3896065
ALPHAGEO,ALPHAGEO,134757636,3736833
SANGHIIND,SANGHIIND,134789380,767233
CCHHL,CCHHL,134796804,
TECHIN,TECHIN,134803460,
TPLPLAST,TPLPLASTEH,134804996,2360065
LIBERTSHOE,LIBERTSHOE,134808580,510465
ELECTHERM,ELECTHERM,134811652,1144065
BLUEDART,BLUEDART,134812676,126721
MIRZAINT,MIRZAINT,134820356,1124865
TFCILTD,TFCILTD,134822404,887297
ARENTERP,ARENTERP,134825476,46337
BIL,BIL,134826500,
KAMATHOTEL,KAMATHOTEL,134827012,
DALALSTCOM,DALALSTCOM,134829316,
HOTELRUGBY,HOTELRUGBY,134830852,1029121
SANDESH,SANDESH,134841604,764929
GOLDIAM,GOLDIAM,134842628,3064577
GREENPLY,GREENPLY,134860036,1020673
SEAMECLTD,SEAMECLTD,134862596,669697
CONFIPET,CONFIPET,134868228,2620929
BANARBEADS,BANARBEADS,134873348,88833
63MOONS,63MOONS,134881540,
SARLAPOLY,SARLAPOLY,134882564,3595009
21STCENMGM,21STCENMGM,134891780,1025
LAOPALA,LAOPALA,134898436,3692289
VENUSREM,VENUSREM,134899972,3547905
URJAGLOBA,URJA,134908676,5171969
ASHAPURMIN,ASHAPURMIN,134912260,51969
GUJALKALI,GUJALKALI,135680260,324353
INDIACEM,INDIACEM,135681284,387841
JKTYRE,JKTYRE,135681796,3695361
MANGCHEFER,MANGCHEFER,135682820,3841793
SIL,SIL,135684356,
JUBLPHARMA,JUBLPHARMA,135684868,931073
THEINVEST,THEINVEST,135685892,5485313
MOHOTAIND,MOHOTAIND,135692036,1029889
SANGHVIMOV,SANGHVIMOV,135698692,3598849
SELAN,SELAN,135699204,3481089
PRIVISCL,PRIVISCL,135709956,2259201
OPTIEMUS,OPTIEMUS,135714564,5496065
THEMISMED,THEMISMED,135730948,3708161
SUVEN,SUVEN,135741188,2875649
KOTHARIPRO,KOTHARIPRO,135756548,1415169
CHAMANSEQ,CLSEL,135758596,891393
GENUSPOWER,GENUSPOWER,135767812,3047681
UGARSUGAR,UGARSUGAR,135772932,5011969
ORIENTBELL,ORIENTBELL,135773444,3655169
NRBBEARING,NRBBEARING,135773956,1933569
NILA,NILAINFRA,135776516,2368769
DBSTOCKBRO,DBSTOCKBRO,135780612,
RELAXO,RELAXO,135812356,6201601
SHILPAMED,SHILPAMED,135820548,4544513
PARACABLES,PARACABLES,135822084,3571457
GOODLUCK,GOODLUCK,135847684,1568001
RAJRAYON,RAJRAYON,135858948,
ALPSINDUS,ALPSINDUS,135863044,1039361
STERTOOLS,STERTOOLS,135874308,1100545
BHAGIL,BHAGERIA,135885572,3430401
KRBL,KRBL,135888132,2707713
CUPID,CUPID,135895812,4741121
CHEMBOND,CHEMBOND,135902980,3742209
REMSONSIND,REMSONSIND,135915268,1015041
SABTN,SABTN,135921412,
VIKASECO,VIKASECO,135926020,
IOC,IOC,135927044,415745
BALAMINES,BALAMINES,135935748,3712257
ALANKIT,ALANKIT,135956996,2539777
OMINFRAL,OMINFRAL,135959556,6203137
PATELENG,PATELENG,135966724,2994945
ALICON,ALICON,135973636,3495937
EMAMILTD,EMAMILTD,135977476,3460353
ARMANFIN,ARMANFIN,135981828,4419329
NUCLEUS,NUCLEUS,135989508,2762497
MANAPPURAM,MANAPPURAM,135990532,4879617
LINCPENQ,LINCPEN,135997700,1779457
VSTTILLERS,VSTTILLERS,136004100,6218753
HAVISHA,HAVISHA,136018436,
ZYDUSWELL,ZYDUSWELL,136021764,4514561
JUMPNET,JUMPNET,136022276,3085313
CONCOR,CONCOR,136024068,1215745
PANACEABIO,PANACEABIO,136025348,1038081
THEBYKE,BYKE,136031492,
ARIHANT,ARIHANT,136033540,3554561
ALMONDZ,ALMONDZ,136038404,4280065
TNPL,TNPL,136045060,1018881
SHAKTIPUMP,SHAKTIPUMP,136046340,6546945
GOLDTECH,GOLDTECH,136048388,2527745
MOHITIND,MOHITIND,136051972,7532289
MADHUCON,MADHUCON,136063236,3499777
RAJESHEXPO,RAJESHEXPO,136064004,1894657
EVEREADY,EVEREADY,136066052,3016193
VIKASPROP,VIKASPROP,136068612,3109889
HATSUN,HATSUN,136071940,996353
JINDWORLD,JINDWORLD,136075012,5284353
SOMANYCERA,SOMANYCERA,136076292,993281
CORALFINAC,CORALFINAC,136078340,1025793
CGCL,CGCL,136088324,5204225
FDC,FDC,136089348,1253889
COUNCODOS,COUNCODOS,136095748,4348417
LINCOPH,LINCOLN,136098052,2968577
MARICO,MARICO,136100356,1041153
VIDHIING,VIDHIING,136119556,3465217
PRAENG,PRAENG,136126980,3568897
APOLLOPIPES,APOLLOPIPE,136130820,3676417
POLYMED,POLYMED,136132612,6583809
ATULAUTO,ATULAUTO,136139524,7685889
PIONDIST,PIONDIST,136161028,4861953
KHANDSE,KHANDSE,136164356,2468097
AGARIND,AGARIND,136171780,867585
AMBIKCO,AMBIKCO,136186372,3899905
LCCINFOTEC,LCCINFOTEC,136196868,
JAINSTUDIO,JAINSTUDIO,136200452,
SWELECTES,SWELECTES,136205060,3048705
KDDL,KDDL,136205828,3816449
BSELINFRA,BSELINFRA,136223492,2469633
BANKBARODA,BANKBARODA,136226308,1195009
ANDHRACEMT,ANDHRACEMT,136228100,
SKMEGGPROD,SKMEGGPROD,136228612,1211393
WELCORP,WELCORP,136228868,3026177
BANKINDIA,BANKINDIA,136230148,1214721
INDRAMEDCO,INDRAMEDCO,136230404,1216257
GAIL,GAIL,136231684,1207553
VAIBHAVGBL,VAIBHAVGBL,136231940,2909185
JKPAPER,JKPAPER,136233476,3036161
SAREGAMA,SAREGAMA,136233732,1252353
ADROITINFO,ADROITINFO,136236036,1267969
CYBERTECH,CYBERTECH,136236292,1549057
ICICIBANK,ICICIBANK,136236548,1270529
CYIENT,CYIENT,136236804,1471489
ENGINERSIN,ENGINERSIN,136237572,1256193
DHANBANK,DHANBANK,136238084,2907905
GMDCLTD,GMDCLTD,136238340,1332225
INDUSINDBK,INDUSINDBK,136239876,1346049
ITDC,ITDC,136240388,4940545
J&KBANK,J&KBANK,136245508,1442049
CUB,CUB,136245764,1459457
ARCHIES,ARCHIES,136246276,1456129
AXISBANK,AXISBANK,136247044,1510401
HBSTOCK,HBSL,136247300,1053697
SOUTHBANK,SOUTHBANK,136247812,1522689
ENERGYDEV,ENERGYDEV,136248068,3852545
SONATSOFTW,SONATSOFTW,136248580,1688577
NATIONALUM,NATIONALUM,136251908,1629185
INDNIPPON,INDNIPPON,136253444,1215233
NSIL,NSIL,136257540,2877185
APARINDS,APARINDS,136258308,2941697
ACCELYA,ACCELYA,136260612,1805569
HCLTECH,HCLTECH,136263940,1850625
GEOJITFSL,GEOJITFSL,136264964,3045377
JINDALSTEL,JINDALSTEL,136265220,1723649
BLBLIMITED,BLBLIMITED,136266244,2081793
GLENMARK,GLENMARK,136267780,1895937
WOCKPHARMA,WOCKPHARMA,136268804,1921537
TATACOFFEE,TATACOFFEE,136269060,185345
INDSWFTLAB,INDSWFTLAB,136270084,1246721
MELSTAR,MELSTAR,136270596,
GEPIL,GEPIL,136271108,2012673
SHREERAMA,SHREERAMA,136271364,1952513
MAHLIFE,MAHLIFE,136272132,2060801
CADILAHC,CADILAHC,136274180,2029825
CINEVISTA,CINEVISTA,136274948,
INTENTECH,INTENTECH,136275460,5138177
AJANTPHARM,AJANTPHARM,136276740,2079745
AMBICAAGAR,AMBICAAGAR,136277764,2942977
COMPUSOFT,COMPUSOFT,136278788,7971329
IZMO,IZMO,136279300,3628545
TVSMOTOR,TVSMOTOR,136279812,2170625
GATI,GATI,136280324,3504129
SUBEX,SUBEXLTD,136281092,247553
TCI,TCI,136281348,2708481
AKSHOPTFBR,AKSHOPTFBR,136281860,
TRIVENI,TRIVENI,136283140,3348737
MUKTAARTS,MUKTAARTS,136283396,2223873
DSSL,DSSL,136285444,6576641
PNBGILTS,PNBGILTS,136285700,2236417
BCG,BCG,136286212,2261249
RAMCOIND,RAMCOIND,136286468,1174273
RAMCOSYS,RAMCOSYS,136286724,2009857
TTML,TTML,136286980,2292225
STLTECH,STLTECH,136287748,2383105
TIPSINDLTD,TIPSINDLTD,136288004,2333953
MRO-TEK,MRO-TEK,136288260,2303489
BALAJITELE,BALAJITELE,136289796,2344449
CALSOFT,CALSOFT,136290820,2135297
PNC,PNC,136291076,
IOB,IOB,136291332,2393089
TAJGVK,TAJGVK,136291844,2394625
OPTOCIRCUI,OPTOCIRCUI,136292100,
CREATIVEYE,CREATIVEYE,136292356,2402305
AXISCADES,AXISCADES,136293124,2415617
UMESLTD,UMESLTD,136293892,
BSOFT,BSOFT,136294404,1790465
MEGASOFT,MEGASOFT,136296452,
CEREBRAINT,CEREBRAINT,136297732,7683073
NEXTMEDIA,NEXTMEDIA,136298500,2525953
SMARTLINK,SMARTLINK,136299268,2531585
GODREJCP,GODREJCP,136300548,2585345
BFUTILITIE,BFUTILITIE,136302084,3729153
UNITDSPR,MCDOWELL-N,136302596,2674433
OLECTRA,OLECTRA,136304388,2723073
MPSLTD,MPSLTD,136304644,2707969
CERA,CERA,136305412,3849985
BHARTIARTL,BHARTIARTL,136308228,2714625
COMPUAGE,COMPINFO,136308740,4513793
GULPOLY,GULPOLY,136308996,1609217
PONNIERODE,PONNIERODE,136309764,2729217
PNB,PNB,136310020,2730497
OFSS,OFSS,136311300,2748929
APTECHT,APTECHT,136313604,2753281
UNIONBANK,UNIONBANK,136314116,2752769
UBL,UBL,136314372,4278529
ISMTLTD,ISMTLTD,136314628,
NOIDATOLL,NOIDATOLL,136315140,2761217
GRANULES,GRANULES,136315396,3039233
CANBK,CANBK,136315652,2763265
POKARNA,POKARNA,136316420,4518657
DIVISLAB,DIVISLAB,136316932,2800641
ASTRAMICRO,ASTRAMICRO,136318212,2974209
RADICO,RADICO,136319236,2813441
SHRIRAMCIT,SHRIRAMCIT,136319492,3005185
MARUTI,MARUTI,136320004,2815745
NAVINFLUOR,NAVINFLUOR,136321028,3756033
UCOBANK,UCOBANK,136321284,2873089
BAGFILMS,BAGFILMS,136321796,
JSL,JSL,136322052,2876417
SUPRAJIT,SUPRAJIT,136322308,2992385
TVSELECT,TVSELECT,136323332,2883841
IGL,IGL,136323588,2883073
TVTODAY,TVTODAY,136323844,2886401
PALRED,PALREDTEC,136325380,4367873
PETRONET,PETRONET,136325636,2905857
BIOCON,BIOCON,136325892,2911489
PTC,PTC,136326148,2906881
MAHABANK,MAHABANK,136326404,2912513
RKFORGE,RKFORGE,136326916,2921217
DATAMATICS,DATAMATICS,136327172,2924289
NDTV,NDTV,136327428,2925313
STAR,STAR,136327940,1887745
JPASSOCIAT,JPASSOCIAT,136328196,2933761
ULTRACEMCO,ULTRACEMCO,136329732,2952193
MINDAIND,MINDAIND,136329988,3623425
TCS,TCS,136330244,2953217
COFORGE,COFORGE,136330500,2955009
GULFPETRO,GULFPETRO,136331012,2964737
CENTURYPLY,CENTURYPLY,136332292,3406081
WELENT,WELENT,136333572,2976257
NTPC,NTPC,136334084,2977281
SALSTEEL,SALSTEEL,136346628,
JBMA,JBMA,136346884,2983681
DWARKESH,DWARKESH,136348164,2986753
INDOCO,INDOCO,136348676,2989313
VIPCLOTHNG,VIPCLOTHNG,136348932,3799809
IMPEXFERRO,IMPEXFERRO,136349188,
XCHANGING,XCHANGING,136349700,2996481
JETAIRWAYS,JETAIRWAYS,136349956,
MORARJEE,MORARJEE,136350980,7392513
GDL,GDL,136351236,3004161
JINDALPHOT,JINDALPHOT,136351748,
JPPOWER,JPPOWER,136352516,3011329
3IINFOTECH,3IINFOTECH,136352772,3014145
MBECL,MBECL,136353028,
GOKEX,GOKEX,136353284,3015169
ALLSEC,ALLSEC,136354052,3020289
IIFL,IIFL,136354820,3023105
MANGALAM,MANGALAM,136355076,3025153
SHOPERSTOP,SHOPERSTOP,136355332,3024129
CYBERMEDIA,CYBERMEDIA,136355844,3031553
NDL,NDL,136356100,
JSWHL,JSWHL,136356356,3041281
JKCEMENT,JKCEMENT,136356868,3397121
YESBANK,YESBANK,136357892,3050241
NECLIFE,NECLIFE,136358148,3053313
MSPL,MSPL,136358404,
SPLIL,SPLIL,136358660,3055361
KTKBANK,KTKBANK,136358916,2061825
MCLEODRUSS,MCLEODRUSS,136359428,3057409
IDFC,IDFC,136360708,3060993
VIVIMEDLAB,VIVIMEDLAB,136360964,
RML,RML,136361220,3065601
HTMEDIA,HTMEDIA,136361476,3066625
SASKEN,SASKEN,136361732,3067649
FCSSOFT,FCSSOFT,136362500,
SUZLON,SUZLON,136362756,3076609
AURIONPRO,AURIONPRO,136363012,3077633
RENUKA,RENUKA,136363524,3078657
KMSUGAR,KMSUGAR,136364292,3754753
BASML,BASML,136364548,
PBAINFRA,PBAINFRA,136365060,
BRFL,BRFL,136365572,3344897
SORILINFRA,SORILINFRA,136365828,3347457
AIAENG,AIAENG,136366852,3350017
EKC,EKC,136367108,3351297
KERNEX,KERNEX,136367620,
REPRO,REPRO,136367876,3360257
PVR,PVR,136368388,3365633
RMCL,RMCL,136369156,
PUNJLLOYD,PUNJLLOYD,136369412,
BARTRONICS,BARTRONICS,136369668,
CELEBRITY,CELEBRITY,136369924,3369473
EDUCOMP,EDUCOMP,136370180,
NITINSPIN,NITINSPIN,136370692,3372801
ROHLTD,ROHLTD,136370948,3374593
ENIL,ENIL,136371204,3377153
GSPL,GSPL,136371716,3378433
JAGRAN*,JAGRAN,136372484,3382017
INOXLEISUR,INOXLEISUR,136372740,3384577
DYNPRO,DYNPRO,136372996,5456385
SADBHAV,SADBHAV,136373764,3388417
RCOM,RCOM,136374276,3375873
SAKUMA,SAKUMA,136374532,3392257
KEC,KEC,136374788,3394561
GILLANDERS,GILLANDERS,136375300,4566785
INDOTECH,INDOTECH,136375556,3398401
BLKASHYAP,BLKASHYAP,136376068,3402241
M&MFIN,M&MFIN,136376324,3400961
VISASTEEL,VISASTEEL,136376580,
NITCO,NITCO,136376836,3404801
SOLARINDS,SOLARINDS,136377604,3412993
GALLANTT,GALLANTT,136377860,3414273
MALUPAPER,MALUPAPER,136378372,3418113
UTTAMSUGAR,UTTAMSUGAR,136378628,3424257
SGL,SGL,136378884,3421953
KKCL,KKCL,136379396,3425537
SUNTV,SUNTV,136379652,3431425
GPIL,GPIL,136379908,3432705
RSYSTEMINT,RSYSTEMS,136380164,3433985
EMKAY,EMKAY,136380676,3435777
TANTIACONS,TANTIACONS,136380932,
LOKESHMACH,LOKESHMACH,136381444,
KAMDHENU,KAMDHENU,136381700,3444993
GTNTEX,GTNTEX,136382468,3449089
PFOCUS,PFOCUS,136383492,
ALLCARGO,ALLCARGO,136383748,3456257
EASUNREYRL,EASUNREYRL,136384260,
GMRINFRA,GMRINFRA,136385028,3463169
TECHM,TECHM,136385284,3465729
MAHINDCIE,MAHINDCIE,136385540,3823873
VOLTAMP,VOLTAMP,136385796,3475713
ATLANTA,ATLANTA,136386308,3477761
DEEPENR,DEEPENR,136386564,4670465
HOVS,HOVS,136386820,3479553
ACE,ACE,136387076,3478273
GEECEE,GEECEE,136387588,3496449
GAYAPROJ,GAYAPROJ,136388356,6405889
FIEMIND,FIEMIND,136388612,3509761
JHS,JHS,136389380,3512321
DCBBANK,DCBBANK,136389636,3513601
GLOBALVECT,GLOBALVECT,136389892,3516161
INSPIRISYS,INSPIRISYS,136390148,3514881
GTLINFRA,GTLINFRA,136390404,3518721
SHIVAMAUTO,SHIVAMAUTO,136390660,
NAUKRI,NAUKRI,136390916,3520257
TORNTPOWER,TORNTPOWER,136391428,3529217
PARSVNATH,PARSVNATH,136391684,3530497
SUTLEJTEX,SUTLEJTEX,136392196,3533057
DAAWAT,DAAWAT,136392452,3536897
SOBHA,SOBHA,136392708,3539457
RUCHIRA,RUCHIRA,136392964,3538177
TANLA,TANLA,136394244,3577857
ZEEMEDIA,ZEEMEDIA,136395268,3584769
SITINET,SITINET,136395524,
LUMAXTECH,LUMAXTECH,136395780,3587585
AUTOIND,AUTOIND,136396036,3611137
NETWORK18,NETWORK18,136396292,3612417
HUBTOWN,HUBTOWN,136396548,3635969
TV18BRDCST,TV18BRDCST,136396804,3637249
CTE,CTE,136397060,3639809
TIIL,TIIL,136397828,3641089
REDINGTON,REDINGTON,136398084,3649281
CINELINE,CINELINE,136398596,6953217
PGIL,PGIL,136398852,3650561
FSL,FSL,136399108,3661825
PFC,PFC,136399364,3660545
AHLUCONT,AHLUCONT,136399620,4565249
TFL,TFL,136399876,
CANDC,CANDC,136400132,
INDIANB,INDIANB,136400388,3663105
SMSPHARMA,SMSPHARMA,136400644,3668225
ORIENTALTL,ORIENTALTL,136401156,3672577
MINDTREE,MINDTREE,136401668,3675137
IDEA,IDEA,136402436,3677697
RAJTV,RAJTV,136403460,3687169
PAGEIND,PAGEIND,136403716,3689729
AMDIND,AMDIND,136403972,3685889
ASTRAL,ASTRAL,136404484,3691009
IBREALEST,IBREALEST,136404996,3699201
CAMLINFINE,CAMLINFINE,136405508,1591297
ICRA,ICRA,136405764,3717889
DISHTV,DISHTV,136406788,3721473
SRHHYPOLTD,SRHHYPOLTD,136407556,3732993
FORTIS,FORTIS,136407812,3735553
TGBHOTELS,TGBHOTELS,136408324,
HILTON,HILTON,136408836,
DELTACORP,DELTACORP,136409092,3851265
MIC,MIC,136409604,
INSECTICID*,INSECTICID,136409860,3752193
MCDHOLDING,MCDHOLDING,136410116,3753473
ASAHISONG,ASAHISONG,136410372,6422529
NITINFIRE,NITINFIRE,136410628,
TIMETECHNO,TIMETECHNO,136411140,3764993
HGS,HGS,136411908,3766273
NELCAST,NELCAST,136413188,3778817
V2RETAIL,V2RETAIL,136413956,3780097
DLF,DLF,136414212,3771393
TARMAT,TARMAT,136414468,3781377
ANKITMETAL,ANKITMETAL,136414724,
SPARC,SPARC,136415236,3785729
HDIL,HDIL,136415492,
ADSL,ADSL,136416004,3792129
ALPA,ALPA,136416772,
OMAXE,OMAXE,136417284,3802369
REFEX,REFEX,136418308,4547585
CENTRALBK,CENTRALBK,136418564,3812865
NTL,NTL,136419076,
ASIANTILES,ASIANTILES,136419332,3811585
KPRMILL,KPRMILL,136419588,3817473
TAKE,TAKE,136419844,3818753
PURVA,PURVA,136420100,3820033
MOTILALOFS,MOTILALOFS,136420356,3826433
INDOWIND,INDOWIND,136420868,3827713
NAGREEKCAP,NAGREEKCAP,136421124,3825153
MAGNUM,MAGNUM,136421380,
POWERGRID,POWERGRID,136421892,3834113
KSCL,KSCL,136422148,3832833
PAISALO,PAISALO,136422404,6519809
CCCL,CCCL,136422916,
MAANALU,MAANALU,136423940,3844353
IL&FSENGG,IL&FSENGG,136424196,
RELIGARE,RELIGARE,136426244,3857409
BVCL,BVCL,136426500,
ADANIPORTS,ADANIPORTS,136427780,3861249
EDELWEISS,EDELWEISS,136428036,3870465
RGL,RGL,136428292,3873025
KOLTEPATIL,KOLTEPATIL,136428548,3871745
KAUSHALYA,KAUSHALYA,136428804,3874817
JYOTHYLAB,JYOTHYLAB,136429060,3877377
ECLERX,ECLERX,136429316,3885825
TRIL,TRIL,136429572,3884545
BRIGADE,BRIGADE,136429828,3887105
BGRENERGY,BGRENERGY,136430084,3888385
MANAKSIA,MANAKSIA,136430596,3890945
PPAP,PPAP,136431108,3893505
ARIES,ARIES,136431364,3892225
KUANTUM,KUANTUM,136431876,3550721
RPOWER,RPOWER,136432388,3906305
JKIL,JKIL,136432644,3908097
CORDSCABLE,CORDSCABLE,136432900,3909377
KNRCON,KNRCON,136433156,3912449
ONMOBILE,ONMOBILE,136433668,3911169
SHRIRAMEPC,SHRIRAMEPC,136433924,3918849
BANG,BANG,136434180,3917569
IRB,IRB,136434436,3920129
GSS,GSS,136435460,3928833
NAHARCAP,NAHARCAP,136435716,3932161
VGUARD,VGUARD,136435972,3932673
RECLTD,RECLTD,136436484,3930881
GAMMNINFRA,GAMMNINFRA,136437508,3939585
DHANI,DHANI,136437764,3938305
TWL,TWL,136439300,3945985
KIRIINDUS,KIRIINDUS,136439556,4259585
BIRLAMONEY,BIRLAMONEY,136441348,3901185
JAIBALAJI,JAIBALAJI,136441860,2881537
BAJAJ-AUTO,BAJAJ-AUTO,136442116,4267265
BAJAJFINSV,BAJAJFINSV,136442372,4268801
GOKUL,GOKUL,136442884,4276481
RPGLIFE,RPGLIFE,136443652,4281601
NIRAJ,NIRAJ,136444420,65281
RBL,RBL,136444676,4286721
RANEENGINE,RANEENGINE,136444932,4288257
BAFNAPHARM,BAFNAPH,136445188,4541953
ARCHIDPLY,ARCHIDPLY,136446468,
LEHIL,LOTUSEYE,136447492,4302593
SOMICONV,SOMICONVEY,136448260,4555265
LGBFORGE,LGBFORGE,136449796,4312321
LPDC,LPDC,136451076,4316929
SICAGEN,SICAGEN,136451588,
20MICRONS,20MICRONS,136453636,4331777
WABCOINDIA,WABCOINDIA,136453892,4330241
ALKALI,ALKALI,136455428,4341505
ISGEC,ISGEC,136456452,852225
IMFA,IMFA,136460036,4924161
GISOLUTION,GISOLUTION,136460292,4350977
MOLDTKPAC,MOLDTKPAC,136468484,1718529
MHRIL,MHRIL,136470532,4437249
EXCEL,EXCEL,136471044,
RAJOIL,ROML,136471812,91905
ADANIPOWER,ADANIPOWER,136472580,4451329
NHPC,NHPC,136473092,4454401
GLOBUSSPR,GLOBUSSPR,136474628,4460545
OIL,OIL,136475140,4464129
RNAVAL,RNAVAL,136475396,
EXPLEOSOL,EXPLEOSOL,136478980,4476417
RTNPOWER,RTNPOWER,136479236,4485121
DEN,DEN,136483076,4536833
ASTEC,ASTEC,136483332,4538369
COX&KINGS,COX&KINGS,136484868,
DLINKINDIA,DLINKINDIA,136485380,4569857
JSWENERGY,JSWENERGY,136485892,4574465
GODREJPROP,GODREJPROP,136486404,4576001
DBCORP,DBCORP,136486660,4577537
MBLINFRA,MBLINFRA,136486916,4615425
JUBLFOOD,JUBLFOOD,136487684,4632577
VASCONEQ,VASCONEQ,136487940,4636161
SYNCOM,SYNCOM,136488196,
THANGAMAYL,THANGAMAYL,136488452,4638209
DBREALTY,DBREALTY,136488964,4639745
EMMBI,EMMBI,136489220,4644353
HATHWAY,HATHWAY,136489476,4647425
ARSSINFRA,ARSSINFRA,136489732,
TEXMOPIPES,TEXMOPIPES,136489988,4662785
SUNDARAM,SUNDARAM,136490500,4846337
ROSSELLIND,ROSSELLIND,136491012,7401729
MANINFRA,MANINFRA,136491268,4665857
IL&FSTRANS,IL&FSTRANS,136493316,
PERSISTENT,PERSISTENT,136493828,4701441
ISFT,ISFT,136494340,4730625
GOENKA,GOENKA,136496388,
KCPSUGIND,KCPSUGIND,136497156,1231105
KECL,KECL,136497412,
TARAPUR,TARAPUR,136499972,
SJVN,SJVN,136500740,4834049
JPINFRATEC,JPINFRATEC,136500996,
EMAMIPAP,EMAMIPAP,136501252,2578945
HMVL,HMVL,136503556,4918017
EMAMIREAL,EMAMIREAL,136503812,4934913
AHLWEST,AHLWEST,136504580,4957697
AHLEAST,AHLEAST,136506116,4976129
BAJAJCON,BAJAJCON,136506628,4999937
PRAKASHSTL,PRAKASHSTL,136509188,
GPPL,GPPL,136511492,5051137
WELINV,WELINV,136512516,5068801
INDOSOLAR,INDOSOLAR,136513796,
SASTASUNDR,SASTASUNDR,136514308,5136129
CAREERP,CAREERP,136514564,5142017
EROSMEDIA,EROSMEDIA,136514820,5140481
RAMKY,RAMKY,136515076,5154305
GREENPOWER,GREENPOWER,136515332,5148161
GALLISPAT,GALLISPAT,136515844,5155841
CANTABIL,CANTABIL,136516356,5160961
WABAG,WABAG,136516868,5168129
BEDMUTHA,BEDMUTHA,136517124,5170177
ASHOKA,ASHOKA,136517380,5166593
CEBBCO,CEBBCO,136517636,5177345
OBEROIRLTY,OBEROIRLTY,136517892,5181953
PRESTIGE,PRESTIGE,136518148,5197313
GAL,GAL,136518404,
COALINDIA,COALINDIA,136519172,5215745
GRAVITA,GRAVITA,136520196,5256705
RPPINFRA,RPPINFRA,136520708,5314561
MOIL,MOIL,136521220,5332481
ZEELEARN,ZEELEARN,136521476,5338113
A2ZINFRA,A2ZINFRA,136522756,
KIRLOSENG,KIRLOSENG,136523012,5359617
RKDL,RKDL,136523268,5363201
PSB,PSB,136523524,5376257
FMNL,FMNL,136523780,5380353
SURANASOL,SURANASOL,136524292,5395713
KICL,KICL,136525316,5406465
BFINVEST,BFINVEST,136525572,5404929
SUMMITSEC,SUMMITSEC,136526340,5446401
STEL,STEL,136528900,5499905
JUBLINDS,JUBLINDS,136529924,5514497
TEXRAIL,TEXRAIL,136531460,5587969
INDTERRAIN,INDTERRAIN,136532228,5620993
FCL,FCL,136533252,1586689
DHUNINV,DHUNINV,136534020,5691649
ZENTEC,ZENTEC,136534788,1922049
LOVABLE,LOVABLE,136535812,
PFS,PFS,136536068,5786113
TCIDEVELOP,TCIDEVELOP,136548612,6003713
MUTHOOTFIN,MUTHOOTFIN,136549892,6054401
FCONSUMER,FCONSUMER,136550404,7689729
KARMAENG,KARMAENG,136563460,6242561
EBIXFOREX,EBIXFOREX,136563716,6244097
RUSHIL,RUSHIL,136568324,
KRIINFRA,KRIDHANINF,136571396,
INVENTURE,INVENTURE,136577540,6366721
L&TFH,L&TFH,136580868,6386689
YAARII,YAARII,136581124,6399745
TREEHOUSE,TREEHOUSE,136586244,
BROOKS,BROOKS,136587012,6434817
RUPA,RUPA,136589316,6585345
TDPOWERSYS,TDPOWERSYS,136589572,6445569
APLLTD,APLLTD,136594692,6483969
VASWANI,VASWANI,136595460,6487041
PGEL,PGEL,136596740,6491649
SETUINFRA,SETUINFRA,136602884,
TIJARIA,TIJARIA,136609028,6523393
ONELIFECAP,ONELIFECAP,136609796,6525953
FLEXITUFF,FLEXITUFF,136611332,
UJAAS,UJAAS,136612868,6537217
TRITURBINE,TRITURBINE,136615684,6549505
INDOTHAI,INDOTHAI,136621060,
ESSARSHPNG,ESSARSHPNG,136628228,6562305
APLAPOLLO,APLAPOLLO,136642052,6599681
GPTINFRA,GPTINFRA,136642820,4527361
THOMASCOTT,THOMASCOTT,136688900,
TERASOFT,TERASOFT,136699396,4938753
ORIENTREF,ORIENTREF,136723460,7977729
MCX,MCX,136727300,7982337
SCHNEIDER,SCHNEIDER,136739588,7995905
NBCC,NBCC,136783108,8042241
MTEDUCARE,MTEDUCARE,136783876,8040705
HEXATRADEX,HEXATRADEX,136787972,6914049
TBZ,TBZ,136798468,6921473
VSSL,VSSL,136804356,6929153
SPECIALITY,SPECIALITY,136812804,6939393
LYPSAGEMS,LYPSAGEMS,136840196,8055809
RTNINDIA,RTNINDIA,136856836,6988033
SEPOWER,SEPOWER,136857092,
NECCLTD,NECCLTD,136861444,3461633
DUCON,DUCON,136876548,7411713
PROZONINTU,PROZONINTU,136876804,
ZUARI,ZUARI,136893956,7436801
STEELXIND,STEELXIND,136895492,5462785
CIGNITI,CIGNITITEC,136898052,1316353
CARERATING,CARERATING,136909828,7452929
PCJEWELLER,PCJEWELLER,136911108,7455745
INDUSTOWER,INDUSTOWER,136912900,7458561
VMART,VMART,136953860,7496705
REPCOHOME,REPCOHOME,137042436,7577089
NIBL,NIBL,137077252,
SREEL,SREEL,137113860,8150273
SHARDA,SHARDAMOTR,137114116,2695681
JUSTDIAL,JUSTDIAL,137125892,7670273
ORIENTCEM,ORIENTCEM,137153028,7702785
ABFRL,ABFRL,137153284,7707649
IBULHSGFIN,IBULHSGFIN,137161988,7712001
FLFL,FLFL,137345796,7872513
NATHBIOGEN,NATHBIOGEN,137546500,2832641
AGRITECH,AGRITECH,137546756,2834433
BCP,BCP,137668100,2985473
VFL,VIJIFIN,137681924,
WONDERLA,WONDERLA,137796612,768513
INCREDIBLE,INCREDIBLE,137821444,4481793
SKIPPER,SKIPPER,137871876,2413569
GULFOILLUB,GULFOILLUB,137873156,1124097
VISHAL,VISHAL,137881092,3013889
SNOWMAN,SNOWMAN,137890564,1239809
SHARDACROP,SHARDACROP,137898500,1277953
SHEMAROO,SHEMAROO,137903364,
PDSMFL,PDSMFL,137914884,1347585
INTELLECT,INTELLECT,137941764,1517057
MONTECARLO,MONTECARLO,137942020,1520129
DHUNTEAIND,DTIL,137958916,1594113
GENUSPAPER,GENUSPAPER,137974020,1689601
MINDACORP,MINDACORP,137974276,6629633
GRNLAMIND,GREENLAM,137978628,1753089
ORTEL,ORTEL,137987844,
BKMINDST,BKMINDST,137995012,
MANAKSTELTD,MANAKSTEEL,137995268,1910529
MNKALCOLTD,MANAKALUCO,137995524,
MNKCMILTD,MANAKCOAT,137995780,1897729
IMAGICAA,IMAGICAA,137998340,
INOXWIND,INOXWIND,138005252,2010113
VRLLOG,VRLLOG,138014212,2226177
MEP,MEP,138016260,2245377
UFO,UFO,138020100,2313985
PNCINFRA,PNCINFRA,138022404,2402561
SATIA,SATIA,138035460,2827521
JIYAECO,JIYAECO,138041604,
BALKRISHNA,BALKRISHNA,138048260,
SCFL,SHYAMCENT,138048516,2608129
ADANITRANS,ADANITRANS,138049028,2615553
SYNGENE,SYNGENE,138052612,2622209
KAYA,KAYA,138054660,2630657
ORTINLAABS,ORTINLAB,138057476,762625
MJCO,MAJESCO,138057988,2639361
BINDALAGRO,BINDALAGRO,138058244,120577
ARVSMART,ARVSMART,138061060,2676993
POWERMECH,POWERMECH,138061316,2681089
RAMASTEEL,RAMASTEEL,138063108,2636801
VETO,VETO,138068740,2214913
NAVKARCORP,NAVKARCORP,138068996,2702593
SHREEPUSHK,SHREEPUSHK,138069508,2710529
GUJGAS,GUJGASLTD,138070020,2713345
SADBHIN,SADBHIN,138072580,2718209
SATIN,SATIN,138087428,2675969
GENCON,GENCON,138088196,560129
COFFEEDAY,COFFEEDAY,138095620,2858241
IDFCFIRSTB,IDFCFIRSTB,138095876,2863105
BEARDSELL,BEARDSELL,138098436,
INDIGO,INDIGO,138098692,2865921
SHK,SHK,138099204,2870273
ALKEM,ALKEM,138117892,2995969
LALPATHLAB,LALPATHLAB,138118148,2983425
LUXIND,LUXIND,138122756,2893057
NH,NH,138125060,3031041
JSLHISAR,JSLHISAR,138136836,3149825
PRECAM,PRECAM,138146820,3226369
TEAMLEASE,TEAMLEASE,138152452,3255297
BESTAGRO,BESTAGRO,138152964,590337
QUICKHEAL,QUICKHEAL,138157572,3357697
GOKULAGRO,GOKULAGRO,138169604,3706881
SIMBHALS,SIMBHALS,138173956,
PDMJEPAPER,PDMJEPAPER,138184964,3936513
HCG,HCG,138185476,3982081
BHARATWIRE,BHARATWIRE,138188548,4127489
INFIBEAM,INFIBEAM,138190596,4159745
EQUITAS,EQUITAS,138200068,4314113
SKIL,SKIL,138204420,1164801
THYROCARE,THYROCARE,138206980,4360193
UJJIVAN,UJJIVAN,138207748,4369665
CROMPTON,CROMPTON,138208260,4376065
PILANIINVS,PILANIINVS,138210052,2929921
PARAGMILK,PARAGMILK,138211588,4385281
NAGARFERT,NAGAFERT,138218756,4427521
MAXVIL,MAXVIL,138224644,4471809
MGL,MGL,138228996,4488705
QUESS,QUESS,138234372,4532225
LLOYDSTEEL,LSIL,138237956,
LTI,LTI,138241284,4561409
ADVENZYMES,ADVENZYMES,138246404,4617985
DBL,DBL,138252036,4630017
SPAL,SPAL,138252292,4672513
BIGBLOC,BIGBLOC,138255620,4718337
FRETAIL,FRETAIL,138256388,4704769
RBLBANK,RBLBANK,138256644,4708097
BLS,BLS,138258692,4423425
GOVNOW,SABEVENTS,138260740,
TVVISION,TVVISION,138261252,
LTTS,LTTS,138269444,4752385
GNA,GNA,138271748,4754177
ICICIPRULI,ICICIPRULI,138274052,4774913
HPL,HPL,138274820,4781825
VALIANTORG,VALIANTORG,138277124,84481
ENDURANCE,ENDURANCE,138279172,4818433
PNBHOUSING,PNBHOUSING,138284292,4840449
VBL,VBL,138286084,4843777
SFL,SFL,138291972,4911105
TMRVL,TMRVL,138293764,4916481
TCIEXP,TCIEXP,138294276,4921089
LAURUSLABS,LAURUSLABS,138296836,4923905
PRICOLLTD,PRICOLLTD,138315012,5025537
JITFINFRA,JITFINFRA,138319620,
RADIOCITY,RADIOCITY,138333700,5088513
DMART,DMART,138336260,5097729
CLEDUCATE,CLEDUCATE,138343172,5177089
SHANKARA,SHANKARA,138348804,5202177
SCHAND,SCHAND,138367236,5298689
HUDCO,HUDCO,138375684,5331201
PSPPROJECT,PSPPROJECT,138379268,5344513
STARCEMENT,STARCEMENT,138387204,5399297
TEJASNET,TEJASNET,138392324,5409537
ERIS,ERIS,138392580,5415425
GTPL,GTPL,138394116,5425921
AUBANK,AUBANK,138396420,5436929
BHAGYAPROP,BHAGYAPROP,138398980,5460993
SALASAR,SALASAR,138404356,5468673
GANGESSEC,GANGESSECU,138405636,5478145
PALASHSEC,PALASHSECU,138405892,5474049
AVADHSUGAR,AVADHSUGAR,138406148,5479937
MAGADHSUGAR,MAGADSUGAR,138406404,5476353
SINTEXPLAST,SPTL,138407172,5494273
SIS,SIS,138412292,5504257
COCHINSHIP,COCHINSHIP,138413572,5506049
SMSLIFE,SMSLIFE,138413828,5517057
KIOCL,KIOCL,138414084,4896257
ABCAPITAL,ABCAPITAL,138416900,5533185
APEX,APEX,138417156,5535489
DIXON,DIXON,138418948,5552641
BRNL,BRNL,138419204,5550849
DCAL,DCAL,138419460,5556225
LASA,LASA,138419716,5558529
MATRIMONY,MATRIMONY,138420228,5561857
RELHOME,RHFL,138421508,5563649
CAPACITE,CAPACITE,138421764,5567745
ICICIGI,ICICIGI,138423300,5573121
SBILIFE,SBILIFE,138424068,5582849
DIAMONDYD,DIAMONDYD,138425348,5591041
SHAREINDIA,SHAREINDIA,138425604,26625
GODREJAGRO,GODREJAGRO,138430212,36865
MASFIN,MASFIN,138431748,50945
IEX,IEX,138432004,56321
GICRE,GICRE,138433284,70913
TIINDIA,TIINDIA,138435076,79873
NAM-INDIA,NAM-INDIA,138436356,91393
MAHLOG,MAHLOG,138436612,98561
NIACL,NIACL,138436868,102145
IFGLEXPOR,IFGLEXPOR,138438148,111617
KHADIM,KHADIM,138438404,108801
5PAISA,5PAISA,138438660,113921
HDFCLIFE,HDFCLIFE,138438916,119553
DNAMEDIA,DNAMEDIA,138441988,164097
SHALBY,SHALBY,138444036,182785
FSC,FSC,138444292,190465
ASTRON,ASTRON,138450948,223745
APOLLO,APOLLO,138465028,290305
NEWGEN,NEWGEN,138470404,297985
PRAXIS,PRAXIS,138470660,308225
AMBER,AMBER,138470916,303361
GALAXYSURF,GALAXYSURF,138479364,336641
SHIVAMILLS,SHIVAMILLS,138486020,383233
ASTERDM,ASTERDM,138489604,386049
HGINFRA,HGINFRA,138500868,428033
BDL,BDL,138532612,548865
BANDHANBNK,BANDHANBNK,138535172,579329
HAL,HAL,138535428,589569
KARDA,KARDA,138537220,602625
SANDHAR,SANDHAR,138537732,613633
ISEC,ISEC,138541828,637185
MIDHANI,MIDHANI,138545924,630529
LEMONTREE,LEMONTREE,138555652,667137
CHEMFABALKA,CHEMFAB,138564868,716545
ORIENTELEC,ORIENTELEC,138573060,760833
INDOSTAR,INDOSTAR,138582020,790529
DOLLAR,DOLLAR,138599172,5263361
ADANIGREEN,ADANIGREEN,138611204,912129
SOLARA,SOLARA,138634244,940033
GAYAHWS,GAYAHWS,138635780,
RITES,RITES,138638340,962817
FINEORG,FINEORG,138638596,958465
VARROC,VARROC,138643972,987393
TCNSBRANDS,TCNSBRANDS,138675204,1068033
HDFCAMC,HDFCAMC,138682628,1086465
CREDITACC,CREDITACC,138693124,1131777
IRCON,IRCON,138740740,1276417
AAVAS,AAVAS,138748932,1378561
GRSE,GRSE,138754820,1401601
ATGL,ATGL,138768900,1552897
TECHNOE,TECHNOE,138788100,1649921
DALBHARAT,DALBHARAT,138807300,2067201
NILASPACES,NILASPACES,138811140,1897217
TREJHARA,TREJHARA,138811652,1924609
RPSGVENT,RPSGVENT,138837252,2078465
SPENCER,SPENCERS,138838276,2089729
XELPMOC,XELPMOC,138845956,2170113
CHALET,CHALET,138854148,2187777
ANMOL,ANMOL,138863876,954113
ANUP,ANUP,138869764,2307585
ARVINDFASN,ARVINDFASN,138875908,2332417
MSTC,MSTCLTD,138904836,2395137
RVNL,RVNL,138918148,2445313
METROPOLIS,METROPOLIS,138918404,2452737
KPITTECH,KPITTECH,138918660,2478849
POLYCAB,POLYCAB,138918916,2455041
VIKASLIFE,VIKASLIFE,138919684,2542337
NEOGEN,NEOGEN,138922244,2538753
PPL,PPL,138927108,2636033
DGCONTENT,DGCONTENT,138927364,2648577
INDIAMART,INDIAMART,138937860,2745857
DCMNVL,DCMNVL,138938628,2825985
AFFLE,AFFLE,138944516,2903809
SPANDANA,SPANDANA,138946308,2927361
SWSOLAR,SWSOLAR,138946564,3197185
IIFLWAM,IIFLWAM,138949636,3343617
IIFLSEC,IIFLSEC,138949892,3346433
FLUOROCHEM,FLUOROCHEM,138959876,3520001
IRCTC,IRCTC,138964484,3484417
VISHWARAJ,VISHWARAJ,138970116,3507713
GREENPANEL,GREENPANEL,138971396,3535361
CSBBANK,CSBBANK,138973956,3831297
UJJIVANSFB,UJJIVANSFB,138983428,3898369
SHIL,SHIL,138983684,4066049
PRINCEPIPE,PRINCEPIPE,138984196,4107521
ARTEMISMED,ARTEMISMED,138987268,
SUMICHEM,SUMICHEM,138987524,4378881
BIRLATYRES,BIRLATYRE,138990596,4502017
UNIVPHOTO,UNIVPHOTO,138990852,4520705
SUVENPHAR,SUVENPHAR,139024388,4593921
SBICARD,SBICARD,139024900,4600577
POWERINDIA,POWERINDIA,139055876,4724993
AARTISURF,AARTISURF,139061764,4923649
BOROLTD,BOROLTD,139062276,4966657
ROSSARI,ROSSARI,139062532,4968961
NDRAUTO,NDRAUTO,139062788,5697281
MAXHEALTH,MAXHEALTH,139064324,5728513
MAXINDIA,MAXIND,139065092,5741569
HAPPSTMNDS,HAPPSTMNDS,139066116,12289
ROUTE,ROUTE,139066372,32769
ADL,ADL,139067140,
CAMS,CAMS,139067396,87553
CHEMCON,CHEMCON,139067652,69121
ANGELBRKG,ANGELBRKG,139068164,82945
MAZDOCK,MAZDOCK,139068676,130305
UTIAMC,UTIAMC,139068932,134913
LIKHITHA,LIKHITHA,139069444,147969
HEMIPROP,HEMIPROP,139069956,179457
EQUITASBNK,EQUITASBNK,139070212,233729
GLAND,GLAND,139070724,303617
BURGERKING,BURGERKING,139071492,382465
TARC,TARC,139071748,404737
RVHL,RVHL,139072260,400641
FAIRCHEMOR,FAIRCHEMOR,139072516,413185
BECTORFOOD,BECTORFOOD,139072772,416769
AWHCL,AWHCL,139073028,460033
IRFC,IRFC,139073796,519425
INDIGOPNTS,INDIGOPNTS,139074052,524289
HOMEFIRST,HOMEFIRST,139074308,526337
STOVEKRAFT,STOVEKRAFT,139074564,539393
SMCGLOBAL,SMCGLOBAL,139075332,593921
NURECA,NURECA,139075588,601601
RAILTEL,RAILTEL,139075844,622337
HERANBA,HERANBA,139076100,669185
DRCSYSTEMS,DRCSYSTEMS,139076612,
MTARTECH,MTARTECH,139077124,693505
JUBLINGREA,JUBLINGREA,139077380,712449
EASEMYTRIP,EASEMYTRIP,139077636,714753
ANURAS,ANURAS,139078404,724225
CRAFTSMAN,CRAFTSMAN,139078660,730625
LXCHEM,LXCHEM,139078916,727297
KALYANKJIL,KALYANKJIL,139079172,756481
SURYODAY,SURYODAY,139079428,760321
NAZARA,NAZARA,139079684,764673
SUVIDHAA,SUVIDHAA,139079940,767489
BARBEQUE,BARBEQUE,139080452,800513
LODHA,LODHA,139081476,824321
DEEPIND,DEEPINDS,139081732,842753
TATAMTRDVR,TATAMTRDVR,145920260,4343041
FELDVR,FELDVR,145920516,4352513
JISLDVREQS,JISLDVREQS,145921028,6575105
SCAPDVR,SCAPDVR,145921284,4353
KARURVYSYA,KARURVYSYA,151040772,470529
TIDEWATER,TIDEWATER,151041284,3588865
AMRUTANJAN,AMRUTANJAN,151041540,4492033
XPROINDIA,XPROINDIA,151043332,
HISARMET,HISARMETAL,151044612,4946433
BHARATRAS,BHARATRAS,151045380,981505
EASTSILK,EASTSILK,151045636,
FACT,FACT,151046148,258049
GINNIFILA,GINNIFILA,151046404,292353
SPIC,SPIC,151047684,832513
DENORA,DENORA,151047940,1095425
SAKSOFT,SAKSOFT,151053060,3019265
SALONACOT,SALONA,151054340,4441857
PROSEED,PROINDIA,151054596,908033
ANDHRSUGAR,ANDHRSUGAR,151055876,34817
IMPAL,IMPAL,151056644,3074305
KCP,KCP,151056900,471297
RADAAN,RADAAN,151057924,2798593
SUNDARMFIN,SUNDARMFIN,151058180,854785
SUNDRMBRAK,SUNDRMBRAK,151058436,1069825
WHEELS,WHEELS,151058692,964097
LAMBODHARA,LAMBODHARA,151059204,1640193
MAITHANALL,MAITHANALL,151059972,6281729
ORISSAMINE,ORISSAMINE,151062020,5102337
MADRASFERT,MADRASFERT,151074308,1257217
VLIFE-RE,VLIFE-RE,192169220