2021:05:28 14:41:30,547.7,"{'open': 621.55, 'high': 621.55, 'low': 413.35, 'close': 575.25}"
2021:05:28 14:41:31,547.7,"{'open': 621.55, 'high': 621.55, 'low': 413.35, 'close': 575.25}"
2021:05:28 14:41:31,547.2,"{'open': 621.55, 'high': 621.55, 'low': 413.35, 'close': 575.25}"
2021:05:28 14:41:32,545.5,"{'open': 621.55, 'high': 621.55, 'low': 413.35, 'close': 575.25}"
2021:05:28 14:41:32,546.9,"{'open': 621.55, 'high': 621.55, 'low': 413.35, 'close': 575.25}"
2021:05:28 14:41:33,548.0,"{'open': 621.55, 'high': 621.55, 'low': 413.35, 'close': 575.25}"
2021:05:28 14:41:34,546.75,"{'open': 621.55, 'high': 621.55, 'low': 413.35, 'close': 575.25}"
2021:05:28 14:41:34,545.85,"{'open': 621.55, 'high': 621.55, 'low': 413.35, 'close': 575.25}"
2021:05:28 14:41:35,545.4,"{'open': 621.55, 'high': 621.55, 'low': 413.35, 'close': 575.25}"
2021:05:28 14:41:35,545.95,"{'open': 621.55, 'high': 621.55, 'low': 413.35, 'close': 575.25}"
2021:05:28 14:41:36,547.2,"{'open': 621.55, 'high': 621.55, 'low': 413.35, 'close': 575.25}"
2021:05:28 14:41:37,547.2,"{'open': 621.55, 'high': 621.55, 'low': 413.35, 'close': 575.25}"
2021:05:28 14:41:37,547.15,"{'open': 621.55, 'high': 621.55, 'low': 413.35, 'close': 575.25}"
2021:05:28 14:41:38,550.0,"{'open': 621.55, 'high': 621.55, 'low': 413.35, 'close': 575.25}"
2021:05:28 14:41:38,549.7,"{'open': 621.55, 'high': 621.55, 'low': 413.35, 'close': 575.25}"
2021:05:28 14:41:39,549.7,"{'open': 621.55, 'high': 621.55, 'low': 413.35, 'close': 575.25}"
2021:05:28 14:41:40,546.5,"{'open': 621.55, 'high': 621.55, 'low': 413.35, 'close': 575.25}"
2021:05:28 14:41:40,546.5,"{'open': 621.55, 'high': 621.55, 'low': 413.35, 'close': 575.25}"
2021:05:28 14:41:41,549.0,"{'open': 621.55, 'high': 621.55, 'low': 413.35, 'close': 575.25}"
2021:05:28 14:41:41,549.0,"{'open': 621.55, 'high': 621.55, 'low': 413.35, 'close': 575.25}"
2021:05:28 14:41:42,548.1,"{'open': 621.55, 'high': 621.55, 'low': 413.35, 'close': 575.25}"
2021:05:28 14:41:43,548.2,"{'open': 621.55, 'high': 621.55, 'low': 413.35, 'close': 575.25}"
2021:05:28 14:41:43,547.55,"{'open': 621.55, 'high': 621.55, 'low': 413.35, 'close': 575.25}"
2021:05:28 14:41:44,546.6,"{'open': 621.55, 'high': 621.55, 'low': 413.35, 'close': 575.25}"
2021:05:28 14:41:44,546.2,"{'open': 621.55, 'high': 621.55, 'low': 413.35, 'close': 575.25}"
2021:05:28 14:41:45,546.2,"{'open': 621.55, 'high': 621.55, 'low': 413.35, 'close': 575.25}"
2021:05:28 14:41:46,546.2,"{'open': 621.55, 'high': 621.55, 'low': 413.35, 'close': 575.25}"
2021:05:28 14:41:46,546.4,"{'open': 621.55, 'high': 621.55, 'low': 413.35, 'close': 575.25}"
2021:05:28 14:41:47,541.25,"{'open': 621.55, 'high': 621.55, 'low': 413.35, 'close': 575.25}"
2021:05:28 14:41:47,540.6,"{'open': 621.55, 'high': 621.55, 'low': 413.35, 'close': 575.25}"
2021:05:28 14:41:48,543.9,"{'open': 621.55, 'high': 621.55, 'low': 413.35, 'close': 575.25}"
2021:05:28 14:41:49,542.9,"{'open': 621.55, 'high': 621.55, 'low': 413.35, 'close': 575.25}"
2021:05:28 14:41:49,542.9,"{'open': 621.55, 'high': 621.55, 'low': 413.35, 'close': 575.25}"
2021:05:28 14:41:50,542.9,"{'open': 621.55, 'high': 621.55, 'low': 413.35, 'close': 575.25}"
2021:05:28 14:41:50,545.0,"{'open': 621.55, 'high': 621.55, 'low': 413.35, 'close': 575.25}"
2021:05:28 14:41:51,544.3,"{'open': 621.55, 'high': 621.55, 'low': 413.35, 'close': 575.25}"
2021:05:28 14:41:52,543.25,"{'open': 621.55, 'high': 621.55, 'low': 413.35, 'close': 575.25}"
2021:05:28 14:41:52,543.25,"{'open': 621.55, 'high': 621.55, 'low': 413.35, 'close': 575.25}"
2021:05:28 14:41:53,542.0,"{'open': 621.55, 'high': 621.55, 'low': 413.35, 'close': 575.25}"
2021:05:28 14:41:53,546.3,"{'open': 621.55, 'high': 621.55, 'low': 413.35, 'close': 575.25}"
2021:05:28 14:41:54,544.85,"{'open': 621.55, 'high': 621.55, 'low': 413.35, 'close': 575.25}"
2021:05:28 14:41:55,546.4,"{'open': 621.55, 'high': 621.55, 'low': 413.35, 'close': 575.25}"
2021:05:28 14:41:55,546.4,"{'open': 621.55, 'high': 621.55, 'low': 413.35, 'close': 575.25}"
2021:05:28 14:41:56,544.8,"{'open': 621.55, 'high': 621.55, 'low': 413.35, 'close': 575.25}"
2021:05:28 14:41:56,544.8,"{'open': 621.55, 'high': 621.55, 'low': 413.35, 'close': 575.25}"
2021:05:28 14:41:57,544.8,"{'open': 621.55, 'high': 621.55, 'low': 413.35, 'close': 575.25}"
2021:05:28 14:41:58,542.0,"{'open': 621.55, 'high': 621.55, 'low': 413.35, 'close': 575.25}"
2021:05:28 14:41:58,536.6,"{'open': 621.55, 'high': 621.55, 'low': 413.35, 'close': 575.25}"
2021:05:28 14:41:59,539.8,"{'open': 621.55, 'high': 621.55, 'low': 413.35, 'close': 575.25}"
2021:05:28 14:41:59,540.0,"{'open': 621.55, 'high': 621.55, 'low': 413.35, 'close': 575.25}"
2021:05:28 14:42:00,540.0,"{'open': 621.55, 'high': 621.55, 'low': 413.35, 'close': 575.25}"
2021:05:28 14:42:01,540.0,"{'open': 621.55, 'high': 621.55, 'low': 413.35, 'close': 575.25}"
2021:05:28 14:42:01,540.1,"{'open': 621.55, 'high': 621.55, 'low': 413.35, 'close': 575.25}"
2021:05:28 14:42:02,540.85,"{'open': 621.55, 'high': 621.55, 'low': 413.35, 'close': 575.25}"
2021:05:28 14:42:02,539.15,"{'open': 621.55, 'high': 621.55, 'low': 413.35, 'close': 575.25}"
2021:05:28 14:42:03,539.15,"{'open': 621.55, 'high': 621.55, 'low': 413.35, 'close': 575.25}"
2021:05:28 14:42:04,542.15,"{'open': 621.55, 'high': 621.55, 'low': 413.35, 'close': 575.25}"
2021:05:28 14:42:04,540.6,"{'open': 621.55, 'high': 621.55, 'low': 413.35, 'close': 575.25}"
2021:05:28 14:42:05,540.4,"{'open': 621.55, 'high': 621.55, 'low': 413.35, 'close': 575.25}"
2021:05:28 14:42:05,541.85,"{'open': 621.55, 'high': 621.55, 'low': 413.35, 'close': 575.25}"
2021:05:28 14:42:06,541.0,"{'open': 621.55, 'high': 621.55, 'low': 413.35, 'close': 575.25}"
2021:05:28 14:42:06,543.85,"{'open': 621.55, 'high': 621.55, 'low': 413.35, 'close': 575.25}"
2021:05:28 14:42:07,543.85,"{'open': 621.55, 'high': 621.55, 'low': 413.35, 'close': 575.25}"
2021:05:28 14:42:08,543.85,"{'open': 621.55, 'high': 621.55, 'low': 413.35, 'close': 575.25}"
2021:05:28 14:42:08,543.85,"{'open': 621.55, 'high': 621.55, 'low': 413.35, 'close': 575.25}"
2021:05:28 14:42:10,541.75,"{'open': 621.55, 'high': 621.55, 'low': 413.35, 'close': 575.25}"
2021:05:28 14:42:10,541.75,"{'open': 621.55, 'high': 621.55, 'low': 413.35, 'close': 575.25}"
2021:05:28 14:42:11,542.6,"{'open': 621.55, 'high': 621.55, 'low': 413.35, 'close': 575.25}"
2021:05:28 14:42:11,545.0,"{'open': 621.55, 'high': 621.55, 'low': 413.35, 'close': 575.25}"
2021:05:28 14:42:12,545.0,"{'open': 621.55, 'high': 621.55, 'low': 413.35, 'close': 575.25}"
2021:05:28 14:42:13,545.0,"{'open': 621.55, 'high': 621.55, 'low': 413.35, 'close': 575.25}"
2021:05:28 14:42:13,545.0,"{'open': 621.55, 'high': 621.55, 'low': 413.35, 'close': 575.25}"
2021:05:28 14:42:14,544.65,"{'open': 621.55, 'high': 621.55, 'low': 413.35, 'close': 575.25}"
2021:05:28 14:42:14,545.4,"{'open': 621.55, 'high': 621.55, 'low': 413.35, 'close': 575.25}"
2021:05:28 14:42:15,545.4,"{'open': 621.55, 'high': 621.55, 'low': 413.35, 'close': 575.25}"
2021:05:28 14:42:16,542.95,"{'open': 621.55, 'high': 621.55, 'low': 413.35, 'close': 575.25}"
2021:05:28 14:42:16,545.0,"{'open': 621.55, 'high': 621.55, 'low': 413.35, 'close': 575.25}"
2021:05:28 14:42:17,545.9,"{'open': 621.55, 'high': 621.55, 'low': 413.35, 'close': 575.25}"
2021:05:28 14:42:17,544.55,"{'open': 621.55, 'high': 621.55, 'low': 413.35, 'close': 575.25}"
2021:05:28 14:42:18,544.55,"{'open': 621.55, 'high': 621.55, 'low': 413.35, 'close': 575.25}"
2021:05:28 14:42:19,544.55,"{'open': 621.55, 'high': 621.55, 'low': 413.35, 'close': 575.25}"
2021:05:28 14:42:19,545.9,"{'open': 621.55, 'high': 621.55, 'low': 413.35, 'close': 575.25}"
2021:05:28 14:42:20,547.0,"{'open': 621.55, 'high': 621.55, 'low': 413.35, 'close': 575.25}"
2021:05:28 14:42:20,546.65,"{'open': 621.55, 'high': 621.55, 'low': 413.35, 'close': 575.25}"
2021:05:28 14:42:21,547.15,"{'open': 621.55, 'high': 621.55, 'low': 413.35, 'close': 575.25}"
2021:05:28 14:42:22,546.2,"{'open': 621.55, 'high': 621.55, 'low': 413.35, 'close': 575.25}"
2021:05:28 14:42:22,546.2,"{'open': 621.55, 'high': 621.55, 'low': 413.35, 'close': 575.25}"
2021:05:28 14:42:23,546.7,"{'open': 621.55, 'high': 621.55, 'low': 413.35, 'close': 575.25}"
2021:05:28 14:42:23,546.7,"{'open': 621.55, 'high': 621.55, 'low': 413.35, 'close': 575.25}"
2021:05:28 14:42:24,549.3,"{'open': 621.55, 'high': 621.55, 'low': 413.35, 'close': 575.25}"
2021:05:28 14:42:25,554.2,"{'open': 621.55, 'high': 621.55, 'low': 413.35, 'close': 575.25}"
2021:05:28 14:42:25,552.5,"{'open': 621.55, 'high': 621.55, 'low': 413.35, 'close': 575.25}"
2021:05:28 14:42:26,550.0,"{'open': 621.55, 'high': 621.55, 'low': 413.35, 'close': 575.25}"
2021:05:28 14:42:26,549.15,"{'open': 621.55, 'high': 621.55, 'low': 413.35, 'close': 575.25}"
2021:05:28 14:42:27,549.15,"{'open': 621.55, 'high': 621.55, 'low': 413.35, 'close': 575.25}"
2021:05:28 14:42:28,549.15,"{'open': 621.55, 'high': 621.55, 'low': 413.35, 'close': 575.25}"
2021:05:28 14:42:28,549.65,"{'open': 621.55, 'high': 621.55, 'low': 413.35, 'close': 575.25}"
2021:05:28 14:42:29,550.65,"{'open': 621.55, 'high': 621.55, 'low': 413.35, 'close': 575.25}"
2021:05:28 14:42:29,550.35,"{'open': 621.55, 'high': 621.55, 'low': 413.35, 'close': 575.25}"
2021:05:28 14:42:30,550.25,"{'open': 621.55, 'high': 621.55, 'low': 413.35, 'close': 575.25}"
2021:05:28 14:42:31,550.9,"{'open': 621.55, 'high': 621.55, 'low': 413.35, 'close': 575.25}"
2021:05:28 14:42:31,550.9,"{'open': 621.55, 'high': 621.55, 'low': 413.35, 'close': 575.25}"
2021:05:28 14:42:32,549.7,"{'open': 621.55, 'high': 621.55, 'low': 413.35, 'close': 575.25}"
2021:05:28 14:42:32,550.2,"{'open': 621.55, 'high': 621.55, 'low': 413.35, 'close': 575.25}"
2021:05:28 14:42:33,549.15,"{'open': 621.55, 'high': 621.55, 'low': 413.35, 'close': 575.25}"
2021:05:28 14:42:34,548.6,"{'open': 621.55, 'high': 621.55, 'low': 413.35, 'close': 575.25}"
2021:05:28 14:42:34,549.5,"{'open': 621.55, 'high': 621.55, 'low': 413.35, 'close': 575.25}"
2021:05:28 14:42:35,551.0,"{'open': 621.55, 'high': 621.55, 'low': 413.35, 'close': 575.25}"
2021:05:28 14:42:35,548.15,"{'open': 621.55, 'high': 621.55, 'low': 413.35, 'close': 575.25}"
2021:05:28 14:42:36,548.15,"{'open': 621.55, 'high': 621.55, 'low': 413.35, 'close': 575.25}"
2021:05:28 14:42:37,548.4,"{'open': 621.55, 'high': 621.55, 'low': 413.35, 'close': 575.25}"
2021:05:28 14:42:37,549.65,"{'open': 621.55, 'high': 621.55, 'low': 413.35, 'close': 575.25}"
2021:05:28 14:42:38,549.4,"{'open': 621.55, 'high': 621.55, 'low': 413.35, 'close': 575.25}"
2021:05:28 14:42:39,547.1,"{'open': 621.55, 'high': 621.55, 'low': 413.35, 'close': 575.25}"
2021:05:28 14:42:40,547.95,"{'open': 621.55, 'high': 621.55, 'low': 413.35, 'close': 575.25}"
2021:05:28 14:42:40,547.95,"{'open': 621.55, 'high': 621.55, 'low': 413.35, 'close': 575.25}"
2021:05:28 14:42:41,547.3,"{'open': 621.55, 'high': 621.55, 'low': 413.35, 'close': 575.25}"
2021:05:28 14:42:41,547.2,"{'open': 621.55, 'high': 621.55, 'low': 413.35, 'close': 575.25}"
2021:05:28 14:42:42,547.35,"{'open': 621.55, 'high': 621.55, 'low': 413.35, 'close': 575.25}"
2021:05:28 14:42:43,546.9,"{'open': 621.55, 'high': 621.55, 'low': 413.35, 'close': 575.25}"
2021:05:28 14:42:43,546.8,"{'open': 621.55, 'high': 621.55, 'low': 413.35, 'close': 575.25}"
2021:05:28 14:42:44,547.25,"{'open': 621.55, 'high': 621.55, 'low': 413.35, 'close': 575.25}"
2021:05:28 14:42:44,547.25,"{'open': 621.55, 'high': 621.55, 'low': 413.35, 'close': 575.25}"
2021:05:28 14:42:45,547.25,"{'open': 621.55, 'high': 621.55, 'low': 413.35, 'close': 575.25}"
2021:05:28 14:42:46,547.25,"{'open': 621.55, 'high': 621.55, 'low': 413.35, 'close': 575.25}"
2021:05:28 14:42:46,547.55,"{'open': 621.55, 'high': 621.55, 'low': 413.35, 'close': 575.25}"
2021:05:28 14:42:47,547.55,"{'open': 621.55, 'high': 621.55, 'low': 413.35, 'close': 575.25}"
2021:05:28 14:42:48,549.5,"{'open': 621.55, 'high': 621.55, 'low': 413.35, 'close': 575.25}"
2021:05:28 14:42:49,548.9,"{'open': 621.55, 'high': 621.55, 'low': 413.35, 'close': 575.25}"
2021:05:28 14:42:49,551.0,"{'open': 621.55, 'high': 621.55, 'low': 413.35, 'close': 575.25}"
2021:05:28 14:42:50,551.95,"{'open': 621.55, 'high': 621.55, 'low': 413.35, 'close': 575.25}"
2021:05:28 14:42:50,550.1,"{'open': 621.55, 'high': 621.55, 'low': 413.35, 'close': 575.25}"
2021:05:28 14:42:51,548.95,"{'open': 621.55, 'high': 621.55, 'low': 413.35, 'close': 575.25}"
2021:05:28 14:42:52,550.9,"{'open': 621.55, 'high': 621.55, 'low': 413.35, 'close': 575.25}"
2021:05:28 14:42:52,552.45,"{'open': 621.55, 'high': 621.55, 'low': 413.35, 'close': 575.25}"
2021:05:28 14:42:53,552.45,"{'open': 621.55, 'high': 621.55, 'low': 413.35, 'close': 575.25}"
2021:05:28 14:42:53,553.4,"{'open': 621.55, 'high': 621.55, 'low': 413.35, 'close': 575.25}"
2021:05:28 14:42:54,552.9,"{'open': 621.55, 'high': 621.55, 'low': 413.35, 'close': 575.25}"
2021:05:28 14:42:54,552.9,"{'open': 621.55, 'high': 621.55, 'low': 413.35, 'close': 575.25}"
2021:05:28 14:42:55,552.9,"{'open': 621.55, 'high': 621.55, 'low': 413.35, 'close': 575.25}"
2021:05:28 14:42:56,552.9,"{'open': 621.55, 'high': 621.55, 'low': 413.35, 'close': 575.25}"
2021:05:28 14:42:56,553.45,"{'open': 621.55, 'high': 621.55, 'low': 413.35, 'close': 575.25}"
2021:05:28 14:42:57,553.85,"{'open': 621.55, 'high': 621.55, 'low': 413.35, 'close': 575.25}"
2021:05:28 14:42:58,553.0,"{'open': 621.55, 'high': 621.55, 'low': 413.35, 'close': 575.25}"
2021:05:28 14:42:58,555.0,"{'open': 621.55, 'high': 621.55, 'low': 413.35, 'close': 575.25}"
2021:05:28 14:42:59,556.95,"{'open': 621.55, 'high': 621.55, 'low': 413.35, 'close': 575.25}"
2021:05:28 14:42:59,555.5,"{'open': 621.55, 'high': 621.55, 'low': 413.35, 'close': 575.25}"
2021:05:28 14:43:00,555.5,"{'open': 621.55, 'high': 621.55, 'low': 413.35, 'close': 575.25}"
2021:05:28 14:43:01,549.75,"{'open': 621.55, 'high': 621.55, 'low': 413.35, 'close': 575.25}"
2021:05:28 14:43:01,553.0,"{'open': 621.55, 'high': 621.55, 'low': 413.35, 'close': 575.25}"
2021:05:28 14:43:02,553.85,"{'open': 621.55, 'high': 621.55, 'low': 413.35, 'close': 575.25}"
2021:05:28 14:43:02,553.85,"{'open': 621.55, 'high': 621.55, 'low': 413.35, 'close': 575.25}"
2021:05:28 14:43:03,553.05,"{'open': 621.55, 'high': 621.55, 'low': 413.35, 'close': 575.25}"
2021:05:28 14:43:04,554.95,"{'open': 621.55, 'high': 621.55, 'low': 413.35, 'close': 575.25}"
2021:05:28 14:43:04,554.95,"{'open': 621.55, 'high': 621.55, 'low': 413.35, 'close': 575.25}"
2021:05:28 14:43:05,553.55,"{'open': 621.55, 'high': 621.55, 'low': 413.35, 'close': 575.25}"
2021:05:28 14:43:05,553.55,"{'open': 621.55, 'high': 621.55, 'low': 413.35, 'close': 575.25}"
2021:05:28 14:43:06,553.75,"{'open': 621.55, 'high': 621.55, 'low': 413.35, 'close': 575.25}"
2021:05:28 14:43:07,554.75,"{'open': 621.55, 'high': 621.55, 'low': 413.35, 'close': 575.25}"
2021:05:28 14:43:07,555.3,"{'open': 621.55, 'high': 621.55, 'low': 413.35, 'close': 575.25}"
2021:05:28 14:43:08,556.7,"{'open': 621.55, 'high': 621.55, 'low': 413.35, 'close': 575.25}"
2021:05:28 14:43:08,557.7,"{'open': 621.55, 'high': 621.55, 'low': 413.35, 'close': 575.25}"
2021:05:28 14:43:09,555.6,"{'open': 621.55, 'high': 621.55, 'low': 413.35, 'close': 575.25}"
2021:05:28 14:43:10,556.5,"{'open': 621.55, 'high': 621.55, 'low': 413.35, 'close': 575.25}"
2021:05:28 14:43:10,557.95,"{'open': 621.55, 'high': 621.55, 'low': 413.35, 'close': 575.25}"
2021:05:28 14:43:11,558.0,"{'open': 621.55, 'high': 621.55, 'low': 413.35, 'close': 575.25}"
2021:05:28 14:43:11,555.5,"{'open': 621.55, 'high': 621.55, 'low': 413.35, 'close': 575.25}"
2021:05:28 14:43:12,552.2,"{'open': 621.55, 'high': 621.55, 'low': 413.35, 'close': 575.25}"
2021:05:28 14:43:13,551.65,"{'open': 621.55, 'high': 621.55, 'low': 413.35, 'close': 575.25}"
2021:05:28 14:43:13,553.4,"{'open': 621.55, 'high': 621.55, 'low': 413.35, 'close': 575.25}"
2021:05:28 14:43:14,553.1,"{'open': 621.55, 'high': 621.55, 'low': 413.35, 'close': 575.25}"
2021:05:28 14:43:15,552.9,"{'open': 621.55, 'high': 621.55, 'low': 413.35, 'close': 575.25}"
2021:05:28 14:43:16,552.85,"{'open': 621.55, 'high': 621.55, 'low': 413.35, 'close': 575.25}"
2021:05:28 14:43:16,551.15,"{'open': 621.55, 'high': 621.55, 'low': 413.35, 'close': 575.25}"
2021:05:28 14:43:17,550.75,"{'open': 621.55, 'high': 621.55, 'low': 413.35, 'close': 575.25}"
2021:05:28 14:43:17,551.0,"{'open': 621.55, 'high': 621.55, 'low': 413.35, 'close': 575.25}"
2021:05:28 14:43:18,553.2,"{'open': 621.55, 'high': 621.55, 'low': 413.35, 'close': 575.25}"
2021:05:28 14:43:19,552.65,"{'open': 621.55, 'high': 621.55, 'low': 413.35, 'close': 575.25}"
2021:05:28 14:43:19,552.4,"{'open': 621.55, 'high': 621.55, 'low': 413.35, 'close': 575.25}"
2021:05:28 14:43:20,554.1,"{'open': 621.55, 'high': 621.55, 'low': 413.35, 'close': 575.25}"
2021:05:28 14:43:20,553.7,"{'open': 621.55, 'high': 621.55, 'low': 413.35, 'close': 575.25}"
2021:05:28 14:43:21,553.0,"{'open': 621.55, 'high': 621.55, 'low': 413.35, 'close': 575.25}"
2021:05:28 14:43:22,554.85,"{'open': 621.55, 'high': 621.55, 'low': 413.35, 'close': 575.25}"
2021:05:28 14:43:22,554.6,"{'open': 621.55, 'high': 621.55, 'low': 413.35, 'close': 575.25}"
2021:05:28 14:43:23,556.35,"{'open': 621.55, 'high': 621.55, 'low': 413.35, 'close': 575.25}"
2021:05:28 14:43:24,559.15,"{'open': 621.55, 'high': 621.55, 'low': 413.35, 'close': 575.25}"
2021:05:28 14:43:25,560.4,"{'open': 621.55, 'high': 621.55, 'low': 413.35, 'close': 575.25}"
2021:05:28 14:43:26,560.05,"{'open': 621.55, 'high': 621.55, 'low': 413.35, 'close': 575.25}"
2021:05:28 14:43:27,560.45,"{'open': 621.55, 'high': 621.55, 'low': 413.35, 'close': 575.25}"
2021:05:28 14:43:28,562.05,"{'open': 621.55, 'high': 621.55, 'low': 413.35, 'close': 575.25}"
2021:05:28 14:43:28,561.0,"{'open': 621.55, 'high': 621.55, 'low': 413.35, 'close': 575.25}"
2021:05:28 14:43:29,561.55,"{'open': 621.55, 'high': 621.55, 'low': 413.35, 'close': 575.25}"
2021:05:28 14:43:30,558.75,"{'open': 621.55, 'high': 621.55, 'low': 413.35, 'close': 575.25}"
2021:05:28 14:43:31,557.55,"{'open': 621.55, 'high': 621.55, 'low': 413.35, 'close': 575.25}"
2021:05:28 14:43:31,559.15,"{'open': 621.55, 'high': 621.55, 'low': 413.35, 'close': 575.25}"
2021:05:28 14:43:32,559.2,"{'open': 621.55, 'high': 621.55, 'low': 413.35, 'close': 575.25}"
2021:05:28 14:43:32,556.35,"{'open': 621.55, 'high': 621.55, 'low': 413.35, 'close': 575.25}"
2021:05:28 14:43:33,559.0,"{'open': 621.55, 'high': 621.55, 'low': 413.35, 'close': 575.25}"
2021:05:28 14:43:34,552.1,"{'open': 621.55, 'high': 621.55, 'low': 413.35, 'close': 575.25}"
2021:05:28 14:43:34,552.25,"{'open': 621.55, 'high': 621.55, 'low': 413.35, 'close': 575.25}"
2021:05:28 14:43:35,553.7,"{'open': 621.55, 'high': 621.55, 'low': 413.35, 'close': 575.25}"
2021:05:28 14:43:35,553.7,"{'open': 621.55, 'high': 621.55, 'low': 413.35, 'close': 575.25}"
2021:05:28 14:43:36,556.7,"{'open': 621.55, 'high': 621.55, 'low': 413.35, 'close': 575.25}"
2021:05:28 14:43:37,556.7,"{'open': 621.55, 'high': 621.55, 'low': 413.35, 'close': 575.25}"
2021:05:28 14:43:37,558.05,"{'open': 621.55, 'high': 621.55, 'low': 413.35, 'close': 575.25}"
2021:05:28 14:43:38,557.6,"{'open': 621.55, 'high': 621.55, 'low': 413.35, 'close': 575.25}"
2021:05:28 14:43:38,560.0,"{'open': 621.55, 'high': 621.55, 'low': 413.35, 'close': 575.25}"
2021:05:28 14:43:39,562.1,"{'open': 621.55, 'high': 621.55, 'low': 413.35, 'close': 575.25}"
2021:05:28 14:43:39,559.85,"{'open': 621.55, 'high': 621.55, 'low': 413.35, 'close': 575.25}"
2021:05:28 14:43:40,559.15,"{'open': 621.55, 'high': 621.55, 'low': 413.35, 'close': 575.25}"
2021:05:28 14:43:41,560.45,"{'open': 621.55, 'high': 621.55, 'low': 413.35, 'close': 575.25}"
2021:05:28 14:43:41,560.45,"{'open': 621.55, 'high': 621.55, 'low': 413.35, 'close': 575.25}"
2021:05:28 14:43:42,557.45,"{'open': 621.55, 'high': 621.55, 'low': 413.35, 'close': 575.25}"
2021:05:28 14:43:43,558.7,"{'open': 621.55, 'high': 621.55, 'low': 413.35, 'close': 575.25}"
2021:05:28 14:43:43,558.7,"{'open': 621.55, 'high': 621.55, 'low': 413.35, 'close': 575.25}"
2021:05:28 14:43:44,560.2,"{'open': 621.55, 'high': 621.55, 'low': 413.35, 'close': 575.25}"
2021:05:28 14:43:44,558.75,"{'open': 621.55, 'high': 621.55, 'low': 413.35, 'close': 575.25}"
2021:05:28 14:43:45,558.95,"{'open': 621.55, 'high': 621.55, 'low': 413.35, 'close': 575.25}"
2021:05:28 14:43:46,558.5,"{'open': 621.55, 'high': 621.55, 'low': 413.35, 'close': 575.25}"
2021:05:28 14:43:46,558.5,"{'open': 621.55, 'high': 621.55, 'low': 413.35, 'close': 575.25}"
2021:05:28 14:43:47,559.05,"{'open': 621.55, 'high': 621.55, 'low': 413.35, 'close': 575.25}"
2021:05:28 14:43:47,558.35,"{'open': 621.55, 'high': 621.55, 'low': 413.35, 'close': 575.25}"
2021:05:28 14:43:48,558.1,"{'open': 621.55, 'high': 621.55, 'low': 413.35, 'close': 575.25}"
2021:05:28 14:43:49,560.15,"{'open': 621.55, 'high': 621.55, 'low': 413.35, 'close': 575.25}"
2021:05:28 14:43:49,559.15,"{'open': 621.55, 'high': 621.55, 'low': 413.35, 'close': 575.25}"
2021:05:28 14:43:50,559.15,"{'open': 621.55, 'high': 621.55, 'low': 413.35, 'close': 575.25}"
2021:05:28 14:43:50,562.0,"{'open': 621.55, 'high': 621.55, 'low': 413.35, 'close': 575.25}"
2021:05:28 14:43:51,561.85,"{'open': 621.55, 'high': 621.55, 'low': 413.35, 'close': 575.25}"
2021:05:28 14:43:52,561.1,"{'open': 621.55, 'high': 621.55, 'low': 413.35, 'close': 575.25}"
2021:05:28 14:43:52,561.65,"{'open': 621.55, 'high': 621.55, 'low': 413.35, 'close': 575.25}"
2021:05:28 14:43:53,560.2,"{'open': 621.55, 'high': 621.55, 'low': 413.35, 'close': 575.25}"
2021:05:28 14:43:53,563.35,"{'open': 621.55, 'high': 621.55, 'low': 413.35, 'close': 575.25}"
2021:05:28 14:43:54,567.9,"{'open': 621.55, 'high': 621.55, 'low': 413.35, 'close': 575.25}"
2021:05:28 14:43:55,566.7,"{'open': 621.55, 'high': 621.55, 'low': 413.35, 'close': 575.25}"
2021:05:28 14:43:55,566.5,"{'open': 621.55, 'high': 621.55, 'low': 413.35, 'close': 575.25}"
2021:05:28 14:43:56,567.85,"{'open': 621.55, 'high': 621.55, 'low': 413.35, 'close': 575.25}"
2021:05:28 14:43:56,567.85,"{'open': 621.55, 'high': 621.55, 'low': 413.35, 'close': 575.25}"
2021:05:28 14:43:57,569.0,"{'open': 621.55, 'high': 621.55, 'low': 413.35, 'close': 575.25}"
2021:05:28 14:43:58,569.95,"{'open': 621.55, 'high': 621.55, 'low': 413.35, 'close': 575.25}"
2021:05:28 14:43:58,567.15,"{'open': 621.55, 'high': 621.55, 'low': 413.35, 'close': 575.25}"
2021:05:28 14:43:59,563.95,"{'open': 621.55, 'high': 621.55, 'low': 413.35, 'close': 575.25}"
2021:05:28 14:43:59,564.05,"{'open': 621.55, 'high': 621.55, 'low': 413.35, 'close': 575.25}"
2021:05:28 14:44:00,565.55,"{'open': 621.55, 'high': 621.55, 'low': 413.35, 'close': 575.25}"
2021:05:28 14:44:01,564.7,"{'open': 621.55, 'high': 621.55, 'low': 413.35, 'close': 575.25}"
2021:05:28 14:44:01,562.25,"{'open': 621.55, 'high': 621.55, 'low': 413.35, 'close': 575.25}"
2021:05:28 14:44:02,562.3,"{'open': 621.55, 'high': 621.55, 'low': 413.35, 'close': 575.25}"
2021:05:28 14:44:02,560.95,"{'open': 621.55, 'high': 621.55, 'low': 413.35, 'close': 575.25}"
2021:05:28 14:44:03,562.45,"{'open': 621.55, 'high': 621.55, 'low': 413.35, 'close': 575.25}"
2021:05:28 14:44:04,555.0,"{'open': 621.55, 'high': 621.55, 'low': 413.35, 'close': 575.25}"
2021:05:28 14:44:04,555.0,"{'open': 621.55, 'high': 621.55, 'low': 413.35, 'close': 575.25}"
2021:05:28 14:44:05,556.25,"{'open': 621.55, 'high': 621.55, 'low': 413.35, 'close': 575.25}"
2021:05:28 14:44:05,554.1,"{'open': 621.55, 'high': 621.55, 'low': 413.35, 'close': 575.25}"
2021:05:28 14:44:06,554.85,"{'open': 621.55, 'high': 621.55, 'low': 413.35, 'close': 575.25}"
2021:05:28 14:44:07,556.65,"{'open': 621.55, 'high': 621.55, 'low': 413.35, 'close': 575.25}"
2021:05:28 14:44:07,556.6,"{'open': 621.55, 'high': 621.55, 'low': 413.35, 'close': 575.25}"
2021:05:28 14:44:08,556.05,"{'open': 621.55, 'high': 621.55, 'low': 413.35, 'close': 575.25}"
2021:05:28 14:44:08,556.05,"{'open': 621.55, 'high': 621.55, 'low': 413.35, 'close': 575.25}"
2021:05:28 14:44:09,556.8,"{'open': 621.55, 'high': 621.55, 'low': 413.35, 'close': 575.25}"
2021:05:28 14:44:10,557.8,"{'open': 621.55, 'high': 621.55, 'low': 413.35, 'close': 575.25}"
2021:05:28 14:44:10,557.8,"{'open': 621.55, 'high': 621.55, 'low': 413.35, 'close': 575.25}"
2021:05:28 14:44:11,557.2,"{'open': 621.55, 'high': 621.55, 'low': 413.35, 'close': 575.25}"
2021:05:28 14:44:11,558.0,"{'open': 621.55, 'high': 621.55, 'low': 413.35, 'close': 575.25}"
2021:05:28 14:44:12,556.6,"{'open': 621.55, 'high': 621.55, 'low': 413.35, 'close': 575.25}"
2021:05:28 14:44:13,556.9,"{'open': 621.55, 'high': 621.55, 'low': 413.35, 'close': 575.25}"
2021:05:28 14:44:13,559.0,"{'open': 621.55, 'high': 621.55, 'low': 413.35, 'close': 575.25}"
2021:05:28 14:44:14,557.1,"{'open': 621.55, 'high': 621.55, 'low': 413.35, 'close': 575.25}"
2021:05:28 14:44:14,557.6,"{'open': 621.55, 'high': 621.55, 'low': 413.35, 'close': 575.25}"
2021:05:28 14:44:15,557.2,"{'open': 621.55, 'high': 621.55, 'low': 413.35, 'close': 575.25}"
2021:05:28 14:44:16,555.7,"{'open': 621.55, 'high': 621.55, 'low': 413.35, 'close': 575.25}"
2021:05:28 14:44:16,555.7,"{'open': 621.55, 'high': 621.55, 'low': 413.35, 'close': 575.25}"
2021:05:28 14:44:17,558.55,"{'open': 621.55, 'high': 621.55, 'low': 413.35, 'close': 575.25}"
2021:05:28 14:44:17,556.1,"{'open': 621.55, 'high': 621.55, 'low': 413.35, 'close': 575.25}"
2021:05:28 14:44:18,555.55,"{'open': 621.55, 'high': 621.55, 'low': 413.35, 'close': 575.25}"
2021:05:28 14:44:19,556.5,"{'open': 621.55, 'high': 621.55, 'low': 413.35, 'close': 575.25}"
2021:05:28 14:44:19,556.5,"{'open': 621.55, 'high': 621.55, 'low': 413.35, 'close': 575.25}"
2021:05:28 14:44:20,549.65,"{'open': 621.55, 'high': 621.55, 'low': 413.35, 'close': 575.25}"
2021:05:28 14:44:20,548.6,"{'open': 621.55, 'high': 621.55, 'low': 413.35, 'close': 575.25}"
2021:05:28 14:44:21,550.05,"{'open': 621.55, 'high': 621.55, 'low': 413.35, 'close': 575.25}"
2021:05:28 14:44:22,550.05,"{'open': 621.55, 'high': 621.55, 'low': 413.35, 'close': 575.25}"
2021:05:28 14:44:22,548.3,"{'open': 621.55, 'high': 621.55, 'low': 413.35, 'close': 575.25}"
2021:05:28 14:44:23,549.9,"{'open': 621.55, 'high': 621.55, 'low': 413.35, 'close': 575.25}"
2021:05:28 14:44:23,549.2,"{'open': 621.55, 'high': 621.55, 'low': 413.35, 'close': 575.25}"
2021:05:28 14:44:24,552.5,"{'open': 621.55, 'high': 621.55, 'low': 413.35, 'close': 575.25}"
2021:05:28 14:44:25,552.5,"{'open': 621.55, 'high': 621.55, 'low': 413.35, 'close': 575.25}"
2021:05:28 14:44:25,552.55,"{'open': 621.55, 'high': 621.55, 'low': 413.35, 'close': 575.25}"
2021:05:28 14:44:26,552.6,"{'open': 621.55, 'high': 621.55, 'low': 413.35, 'close': 575.25}"
2021:05:28 14:44:26,552.6,"{'open': 621.55, 'high': 621.55, 'low': 413.35, 'close': 575.25}"
2021:05:28 14:44:27,554.1,"{'open': 621.55, 'high': 621.55, 'low': 413.35, 'close': 575.25}"
2021:05:28 14:44:28,552.4,"{'open': 621.55, 'high': 621.55, 'low': 413.35, 'close': 575.25}"
2021:05:28 14:44:28,555.45,"{'open': 621.55, 'high': 621.55, 'low': 413.35, 'close': 575.25}"
2021:05:28 14:44:29,553.6,"{'open': 621.55, 'high': 621.55, 'low': 413.35, 'close': 575.25}"
2021:05:28 14:44:29,553.6,"{'open': 621.55, 'high': 621.55, 'low': 413.35, 'close': 575.25}"
2021:05:28 14:44:30,553.6,"{'open': 621.55, 'high': 621.55, 'low': 413.35, 'close': 575.25}"
2021:05:28 14:44:30,550.0,"{'open': 621.55, 'high': 621.55, 'low': 413.35, 'close': 575.25}"
2021:05:28 14:44:31,550.0,"{'open': 621.55, 'high': 621.55, 'low': 413.35, 'close': 575.25}"
2021:05:28 14:44:32,550.3,"{'open': 621.55, 'high': 621.55, 'low': 413.35, 'close': 575.25}"
2021:05:28 14:44:32,550.3,"{'open': 621.55, 'high': 621.55, 'low': 413.35, 'close': 575.25}"
2021:05:28 14:44:33,550.3,"{'open': 621.55, 'high': 621.55, 'low': 413.35, 'close': 575.25}"
2021:05:28 14:44:34,550.0,"{'open': 621.55, 'high': 621.55, 'low': 413.35, 'close': 575.25}"
2021:05:28 14:44:34,548.45,"{'open': 621.55, 'high': 621.55, 'low': 413.35, 'close': 575.25}"
2021:05:28 14:44:35,552.3,"{'open': 621.55, 'high': 621.55, 'low': 413.35, 'close': 575.25}"
2021:05:28 14:44:35,550.85,"{'open': 621.55, 'high': 621.55, 'low': 413.35, 'close': 575.25}"
2021:05:28 14:44:36,550.85,"{'open': 621.55, 'high': 621.55, 'low': 413.35, 'close': 575.25}"
2021:05:28 14:44:37,552.9,"{'open': 621.55, 'high': 621.55, 'low': 413.35, 'close': 575.25}"
2021:05:28 14:44:37,552.9,"{'open': 621.55, 'high': 621.55, 'low': 413.35, 'close': 575.25}"
2021:05:28 14:44:38,553.7,"{'open': 621.55, 'high': 621.55, 'low': 413.35, 'close': 575.25}"
2021:05:28 14:44:38,553.7,"{'open': 621.55, 'high': 621.55, 'low': 413.35, 'close': 575.25}"
2021:05:28 14:44:39,552.15,"{'open': 621.55, 'high': 621.55, 'low': 413.35, 'close': 575.25}"
2021:05:28 14:44:40,554.2,"{'open': 621.55, 'high': 621.55, 'low': 413.35, 'close': 575.25}"
2021:05:28 14:44:40,555.0,"{'open': 621.55, 'high': 621.55, 'low': 413.35, 'close': 575.25}"
2021:05:28 14:44:41,555.0,"{'open': 621.55, 'high': 621.55, 'low': 413.35, 'close': 575.25}"
2021:05:28 14:44:41,555.0,"{'open': 621.55, 'high': 621.55, 'low': 413.35, 'close': 575.25}"
2021:05:28 14:44:42,554.7,"{'open': 621.55, 'high': 621.55, 'low': 413.35, 'close': 575.25}"
2021:05:28 14:44:43,554.05,"{'open': 621.55, 'high': 621.55, 'low': 413.35, 'close': 575.25}"
2021:05:28 14:44:43,554.05,"{'open': 621.55, 'high': 621.55, 'low': 413.35, 'close': 575.25}"
2021:05:28 14:44:44,555.45,"{'open': 621.55, 'high': 621.55, 'low': 413.35, 'close': 575.25}"
2021:05:28 14:44:44,554.3,"{'open': 621.55, 'high': 621.55, 'low': 413.35, 'close': 575.25}"
2021:05:28 14:44:45,553.5,"{'open': 621.55, 'high': 621.55, 'low': 413.35, 'close': 575.25}"
2021:05:28 14:44:46,555.15,"{'open': 621.55, 'high': 621.55, 'low': 413.35, 'close': 575.25}"
2021:05:28 14:44:46,555.5,"{'open': 621.55, 'high': 621.55, 'low': 413.35, 'close': 575.25}"
2021:05:28 14:44:47,555.5,"{'open': 621.55, 'high': 621.55, 'low': 413.35, 'close': 575.25}"
2021:05:28 14:44:47,555.6,"{'open': 621.55, 'high': 621.55, 'low': 413.35, 'close': 575.25}"
2021:05:28 14:44:48,556.95,"{'open': 621.55, 'high': 621.55, 'low': 413.35, 'close': 575.25}"
2021:05:28 14:44:49,557.7,"{'open': 621.55, 'high': 621.55, 'low': 413.35, 'close': 575.25}"
2021:05:28 14:44:49,556.6,"{'open': 621.55, 'high': 621.55, 'low': 413.35, 'close': 575.25}"
2021:05:28 14:44:50,555.3,"{'open': 621.55, 'high': 621.55, 'low': 413.35, 'close': 575.25}"
2021:05:28 14:44:50,555.05,"{'open': 621.55, 'high': 621.55, 'low': 413.35, 'close': 575.25}"
2021:05:28 14:44:51,555.05,"{'open': 621.55, 'high': 621.55, 'low': 413.35, 'close': 575.25}"
2021:05:28 14:44:52,555.05,"{'open': 621.55, 'high': 621.55, 'low': 413.35, 'close': 575.25}"
2021:05:28 14:44:52,555.0,"{'open': 621.55, 'high': 621.55, 'low': 413.35, 'close': 575.25}"
2021:05:28 14:44:53,553.5,"{'open': 621.55, 'high': 621.55, 'low': 413.35, 'close': 575.25}"
2021:05:28 14:44:53,553.2,"{'open': 621.55, 'high': 621.55, 'low': 413.35, 'close': 575.25}"
2021:05:28 14:44:54,553.35,"{'open': 621.55, 'high': 621.55, 'low': 413.35, 'close': 575.25}"
2021:05:28 14:44:55,552.2,"{'open': 621.55, 'high': 621.55, 'low': 413.35, 'close': 575.25}"
2021:05:28 14:44:55,552.1,"{'open': 621.55, 'high': 621.55, 'low': 413.35, 'close': 575.25}"
2021:05:28 14:44:56,552.9,"{'open': 621.55, 'high': 621.55, 'low': 413.35, 'close': 575.25}"
2021:05:28 14:44:56,553.0,"{'open': 621.55, 'high': 621.55, 'low': 413.35, 'close': 575.25}"
2021:05:28 14:44:57,553.8,"{'open': 621.55, 'high': 621.55, 'low': 413.35, 'close': 575.25}"
2021:05:28 14:44:58,553.8,"{'open': 621.55, 'high': 621.55, 'low': 413.35, 'close': 575.25}"
2021:05:28 14:44:58,553.9,"{'open': 621.55, 'high': 621.55, 'low': 413.35, 'close': 575.25}"
2021:05:28 14:44:59,553.9,"{'open': 621.55, 'high': 621.55, 'low': 413.35, 'close': 575.25}"
2021:05:28 14:44:59,555.8,"{'open': 621.55, 'high': 621.55, 'low': 413.35, 'close': 575.25}"
2021:05:28 14:45:00,555.95,"{'open': 621.55, 'high': 621.55, 'low': 413.35, 'close': 575.25}"
2021:05:28 14:45:01,557.2,"{'open': 621.55, 'high': 621.55, 'low': 413.35, 'close': 575.25}"
2021:05:28 14:45:01,556.8,"{'open': 621.55, 'high': 621.55, 'low': 413.35, 'close': 575.25}"
2021:05:28 14:45:02,558.15,"{'open': 621.55, 'high': 621.55, 'low': 413.35, 'close': 575.25}"
2021:05:28 14:45:02,558.15,"{'open': 621.55, 'high': 621.55, 'low': 413.35, 'close': 575.25}"
2021:05:28 14:45:03,560.6,"{'open': 621.55, 'high': 621.55, 'low': 413.35, 'close': 575.25}"
2021:05:28 14:45:04,561.1,"{'open': 621.55, 'high': 621.55, 'low': 413.35, 'close': 575.25}"
2021:05:28 14:45:04,562.1,"{'open': 621.55, 'high': 621.55, 'low': 413.35, 'close': 575.25}"
2021:05:28 14:45:05,561.85,"{'open': 621.55, 'high': 621.55, 'low': 413.35, 'close': 575.25}"
2021:05:28 14:45:05,564.55,"{'open': 621.55, 'high': 621.55, 'low': 413.35, 'close': 575.25}"
2021:05:28 14:45:06,562.9,"{'open': 621.55, 'high': 621.55, 'low': 413.35, 'close': 575.25}"
2021:05:28 14:45:07,562.2,"{'open': 621.55, 'high': 621.55, 'low': 413.35, 'close': 575.25}"
2021:05:28 14:45:08,562.5,"{'open': 621.55, 'high': 621.55, 'low': 413.35, 'close': 575.25}"
2021:05:28 14:45:08,562.5,"{'open': 621.55, 'high': 621.55, 'low': 413.35, 'close': 575.25}"
2021:05:28 14:45:09,560.0,"{'open': 621.55, 'high': 621.55, 'low': 413.35, 'close': 575.25}"
2021:05:28 14:45:10,560.0,"{'open': 621.55, 'high': 621.55, 'low': 413.35, 'close': 575.25}"
2021:05:28 14:45:10,559.95,"{'open': 621.55, 'high': 621.55, 'low': 413.35, 'close': 575.25}"
2021:05:28 14:45:11,557.25,"{'open': 621.55, 'high': 621.55, 'low': 413.35, 'close': 575.25}"
2021:05:28 14:45:12,560.9,"{'open': 621.55, 'high': 621.55, 'low': 413.35, 'close': 575.25}"
2021:05:28 14:45:13,559.35,"{'open': 621.55, 'high': 621.55, 'low': 413.35, 'close': 575.25}"
2021:05:28 14:45:13,559.25,"{'open': 621.55, 'high': 621.55, 'low': 413.35, 'close': 575.25}"
2021:05:28 14:45:14,561.1,"{'open': 621.55, 'high': 621.55, 'low': 413.35, 'close': 575.25}"
2021:05:28 14:45:14,560.9,"{'open': 621.55, 'high': 621.55, 'low': 413.35, 'close': 575.25}"
2021:05:28 14:45:15,560.2,"{'open': 621.55, 'high': 621.55, 'low': 413.35, 'close': 575.25}"
2021:05:28 14:45:16,560.15,"{'open': 621.55, 'high': 621.55, 'low': 413.35, 'close': 575.25}"
2021:05:28 14:45:17,560.15,"{'open': 621.55, 'high': 621.55, 'low': 413.35, 'close': 575.25}"
2021:05:28 14:45:17,565.0,"{'open': 621.55, 'high': 621.55, 'low': 413.35, 'close': 575.25}"
2021:05:28 14:45:18,566.8,"{'open': 621.55, 'high': 621.55, 'low': 413.35, 'close': 575.25}"
2021:05:28 14:45:19,566.95,"{'open': 621.55, 'high': 621.55, 'low': 413.35, 'close': 575.25}"
2021:05:28 14:45:20,568.8,"{'open': 621.55, 'high': 621.55, 'low': 413.35, 'close': 575.25}"
2021:05:28 14:45:20,567.9,"{'open': 621.55, 'high': 621.55, 'low': 413.35, 'close': 575.25}"
2021:05:28 14:45:21,566.1,"{'open': 621.55, 'high': 621.55, 'low': 413.35, 'close': 575.25}"
2021:05:28 14:45:22,566.05,"{'open': 621.55, 'high': 621.55, 'low': 413.35, 'close': 575.25}"
2021:05:28 14:45:22,562.95,"{'open': 621.55, 'high': 621.55, 'low': 413.35, 'close': 575.25}"
2021:05:28 14:45:23,561.0,"{'open': 621.55, 'high': 621.55, 'low': 413.35, 'close': 575.25}"
2021:05:28 14:45:23,561.85,"{'open': 621.55, 'high': 621.55, 'low': 413.35, 'close': 575.25}"
2021:05:28 14:45:24,560.2,"{'open': 621.55, 'high': 621.55, 'low': 413.35, 'close': 575.25}"
2021:05:28 14:45:25,558.95,"{'open': 621.55, 'high': 621.55, 'low': 413.35, 'close': 575.25}"
2021:05:28 14:45:25,560.65,"{'open': 621.55, 'high': 621.55, 'low': 413.35, 'close': 575.25}"
2021:05:28 14:45:26,560.15,"{'open': 621.55, 'high': 621.55, 'low': 413.35, 'close': 575.25}"
2021:05:28 14:45:26,562.0,"{'open': 621.55, 'high': 621.55, 'low': 413.35, 'close': 575.25}"
2021:05:28 14:45:27,562.1,"{'open': 621.55, 'high': 621.55, 'low': 413.35, 'close': 575.25}"
2021:05:28 14:45:28,562.15,"{'open': 621.55, 'high': 621.55, 'low': 413.35, 'close': 575.25}"
2021:05:28 14:45:28,560.0,"{'open': 621.55, 'high': 621.55, 'low': 413.35, 'close': 575.25}"
2021:05:28 14:45:29,562.0,"{'open': 621.55, 'high': 621.55, 'low': 413.35, 'close': 575.25}"
2021:05:28 14:45:29,563.6,"{'open': 621.55, 'high': 621.55, 'low': 413.35, 'close': 575.25}"
2021:05:28 14:45:30,559.8,"{'open': 621.55, 'high': 621.55, 'low': 413.35, 'close': 575.25}"
2021:05:28 14:45:31,559.45,"{'open': 621.55, 'high': 621.55, 'low': 413.35, 'close': 575.25}"
2021:05:28 14:45:31,558.4,"{'open': 621.55, 'high': 621.55, 'low': 413.35, 'close': 575.25}"
2021:05:28 14:45:32,560.3,"{'open': 621.55, 'high': 621.55, 'low': 413.35, 'close': 575.25}"
2021:05:28 14:45:32,558.0,"{'open': 621.55, 'high': 621.55, 'low': 413.35, 'close': 575.25}"
2021:05:28 14:45:33,558.55,"{'open': 621.55, 'high': 621.55, 'low': 413.35, 'close': 575.25}"
2021:05:28 14:45:34,558.55,"{'open': 621.55, 'high': 621.55, 'low': 413.35, 'close': 575.25}"
2021:05:28 14:45:34,560.3,"{'open': 621.55, 'high': 621.55, 'low': 413.35, 'close': 575.25}"
2021:05:28 14:45:35,559.7,"{'open': 621.55, 'high': 621.55, 'low': 413.35, 'close': 575.25}"
2021:05:28 14:45:35,560.9,"{'open': 621.55, 'high': 621.55, 'low': 413.35, 'close': 575.25}"
2021:05:28 14:45:36,561.5,"{'open': 621.55, 'high': 621.55, 'low': 413.35, 'close': 575.25}"
2021:05:28 14:45:37,562.1,"{'open': 621.55, 'high': 621.55, 'low': 413.35, 'close': 575.25}"
2021:05:28 14:45:37,560.0,"{'open': 621.55, 'high': 621.55, 'low': 413.35, 'close': 575.25}"
2021:05:28 14:45:38,561.3,"{'open': 621.55, 'high': 621.55, 'low': 413.35, 'close': 575.25}"
2021:05:28 14:45:38,562.0,"{'open': 621.55, 'high': 621.55, 'low': 413.35, 'close': 575.25}"
2021:05:28 14:45:39,562.05,"{'open': 621.55, 'high': 621.55, 'low': 413.35, 'close': 575.25}"
2021:05:28 14:45:40,562.6,"{'open': 621.55, 'high': 621.55, 'low': 413.35, 'close': 575.25}"
2021:05:28 14:45:40,562.6,"{'open': 621.55, 'high': 621.55, 'low': 413.35, 'close': 575.25}"
2021:05:28 14:45:41,561.0,"{'open': 621.55, 'high': 621.55, 'low': 413.35, 'close': 575.25}"
2021:05:28 14:45:41,560.0,"{'open': 621.55, 'high': 621.55, 'low': 413.35, 'close': 575.25}"
2021:05:28 14:45:42,560.9,"{'open': 621.55, 'high': 621.55, 'low': 413.35, 'close': 575.25}"
2021:05:28 14:45:43,561.45,"{'open': 621.55, 'high': 621.55, 'low': 413.35, 'close': 575.25}"
2021:05:28 14:45:43,561.85,"{'open': 621.55, 'high': 621.55, 'low': 413.35, 'close': 575.25}"
2021:05:28 14:45:44,559.55,"{'open': 621.55, 'high': 621.55, 'low': 413.35, 'close': 575.25}"
2021:05:28 14:45:44,558.8,"{'open': 621.55, 'high': 621.55, 'low': 413.35, 'close': 575.25}"
2021:05:28 14:45:45,561.3,"{'open': 621.55, 'high': 621.55, 'low': 413.35, 'close': 575.25}"
2021:05:28 14:45:46,562.0,"{'open': 621.55, 'high': 621.55, 'low': 413.35, 'close': 575.25}"
2021:05:28 14:45:46,561.4,"{'open': 621.55, 'high': 621.55, 'low': 413.35, 'close': 575.25}"
2021:05:28 14:45:47,561.2,"{'open': 621.55, 'high': 621.55, 'low': 413.35, 'close': 575.25}"
2021:05:28 14:45:47,561.45,"{'open': 621.55, 'high': 621.55, 'low': 413.35, 'close': 575.25}"
2021:05:28 14:45:48,561.75,"{'open': 621.55, 'high': 621.55, 'low': 413.35, 'close': 575.25}"
2021:05:28 14:45:49,561.75,"{'open': 621.55, 'high': 621.55, 'low': 413.35, 'close': 575.25}"
2021:05:28 14:45:49,563.2,"{'open': 621.55, 'high': 621.55, 'low': 413.35, 'close': 575.25}"
2021:05:28 14:45:50,561.9,"{'open': 621.55, 'high': 621.55, 'low': 413.35, 'close': 575.25}"
2021:05:28 14:45:51,560.0,"{'open': 621.55, 'high': 621.55, 'low': 413.35, 'close': 575.25}"
2021:05:28 14:45:52,560.0,"{'open': 621.55, 'high': 621.55, 'low': 413.35, 'close': 575.25}"
2021:05:28 14:45:52,560.0,"{'open': 621.55, 'high': 621.55, 'low': 413.35, 'close': 575.25}"
2021:05:28 14:45:53,561.45,"{'open': 621.55, 'high': 621.55, 'low': 413.35, 'close': 575.25}"
2021:05:28 14:45:54,559.0,"{'open': 621.55, 'high': 621.55, 'low': 413.35, 'close': 575.25}"
2021:05:28 14:45:55,559.0,"{'open': 621.55, 'high': 621.55, 'low': 413.35, 'close': 575.25}"
2021:05:28 14:45:55,559.0,"{'open': 621.55, 'high': 621.55, 'low': 413.35, 'close': 575.25}"
2021:05:28 14:45:56,559.0,"{'open': 621.55, 'high': 621.55, 'low': 413.35, 'close': 575.25}"
2021:05:28 14:45:56,563.9,"{'open': 621.55, 'high': 621.55, 'low': 413.35, 'close': 575.25}"
2021:05:28 14:45:57,562.75,"{'open': 621.55, 'high': 621.55, 'low': 413.35, 'close': 575.25}"
2021:05:28 14:45:58,562.95,"{'open': 621.55, 'high': 621.55, 'low': 413.35, 'close': 575.25}"
2021:05:28 14:45:58,563.0,"{'open': 621.55, 'high': 621.55, 'low': 413.35, 'close': 575.25}"
2021:05:28 14:45:59,563.4,"{'open': 621.55, 'high': 621.55, 'low': 413.35, 'close': 575.25}"
2021:05:28 14:45:59,563.4,"{'open': 621.55, 'high': 621.55, 'low': 413.35, 'close': 575.25}"
2021:05:28 14:46:00,566.1,"{'open': 621.55, 'high': 621.55, 'low': 413.35, 'close': 575.25}"
2021:05:28 14:46:01,567.8,"{'open': 621.55, 'high': 621.55, 'low': 413.35, 'close': 575.25}"
2021:05:28 14:46:01,567.35,"{'open': 621.55, 'high': 621.55, 'low': 413.35, 'close': 575.25}"
2021:05:28 14:46:02,566.45,"{'open': 621.55, 'high': 621.55, 'low': 413.35, 'close': 575.25}"
2021:05:28 14:46:02,563.8,"{'open': 621.55, 'high': 621.55, 'low': 413.35, 'close': 575.25}"
2021:05:28 14:46:03,561.9,"{'open': 621.55, 'high': 621.55, 'low': 413.35, 'close': 575.25}"
2021:05:28 14:46:04,564.7,"{'open': 621.55, 'high': 621.55, 'low': 413.35, 'close': 575.25}"
2021:05:28 14:46:04,564.7,"{'open': 621.55, 'high': 621.55, 'low': 413.35, 'close': 575.25}"
2021:05:28 14:46:05,564.05,"{'open': 621.55, 'high': 621.55, 'low': 413.35, 'close': 575.25}"
2021:05:28 14:46:05,561.65,"{'open': 621.55, 'high': 621.55, 'low': 413.35, 'close': 575.25}"
2021:05:28 14:46:06,563.6,"{'open': 621.55, 'high': 621.55, 'low': 413.35, 'close': 575.25}"
2021:05:28 14:46:07,561.5,"{'open': 621.55, 'high': 621.55, 'low': 413.35, 'close': 575.25}"
2021:05:28 14:46:07,561.5,"{'open': 621.55, 'high': 621.55, 'low': 413.35, 'close': 575.25}"
2021:05:28 14:46:08,560.7,"{'open': 621.55, 'high': 621.55, 'low': 413.35, 'close': 575.25}"
2021:05:28 14:46:09,560.8,"{'open': 621.55, 'high': 621.55, 'low': 413.35, 'close': 575.25}"
2021:05:28 14:46:10,560.8,"{'open': 621.55, 'high': 621.55, 'low': 413.35, 'close': 575.25}"
2021:05:28 14:46:10,560.8,"{'open': 621.55, 'high': 621.55, 'low': 413.35, 'close': 575.25}"
2021:05:28 14:46:11,560.0,"{'open': 621.55, 'high': 621.55, 'low': 413.35, 'close': 575.25}"
2021:05:28 14:46:11,562.45,"{'open': 621.55, 'high': 621.55, 'low': 413.35, 'close': 575.25}"
2021:05:28 14:46:12,559.4,"{'open': 621.55, 'high': 621.55, 'low': 413.35, 'close': 575.25}"
2021:05:28 14:46:13,560.85,"{'open': 621.55, 'high': 621.55, 'low': 413.35, 'close': 575.25}"
2021:05:28 14:46:13,557.9,"{'open': 621.55, 'high': 621.55, 'low': 413.35, 'close': 575.25}"
2021:05:28 14:46:14,558.4,"{'open': 621.55, 'high': 621.55, 'low': 413.35, 'close': 575.25}"
2021:05:28 14:46:14,558.4,"{'open': 621.55, 'high': 621.55, 'low': 413.35, 'close': 575.25}"
2021:05:28 14:46:15,558.8,"{'open': 621.55, 'high': 621.55, 'low': 413.35, 'close': 575.25}"
2021:05:28 14:46:16,558.8,"{'open': 621.55, 'high': 621.55, 'low': 413.35, 'close': 575.25}"
2021:05:28 14:46:16,557.5,"{'open': 621.55, 'high': 621.55, 'low': 413.35, 'close': 575.25}"
2021:05:28 14:46:17,557.2,"{'open': 621.55, 'high': 621.55, 'low': 413.35, 'close': 575.25}"
2021:05:28 14:46:17,558.65,"{'open': 621.55, 'high': 621.55, 'low': 413.35, 'close': 575.25}"
2021:05:28 14:46:18,560.0,"{'open': 621.55, 'high': 621.55, 'low': 413.35, 'close': 575.25}"
2021:05:28 14:46:19,564.75,"{'open': 621.55, 'high': 621.55, 'low': 413.35, 'close': 575.25}"
2021:05:28 14:46:19,563.45,"{'open': 621.55, 'high': 621.55, 'low': 413.35, 'close': 575.25}"
2021:05:28 14:46:20,562.5,"{'open': 621.55, 'high': 621.55, 'low': 413.35, 'close': 575.25}"
2021:05:28 14:46:20,562.65,"{'open': 621.55, 'high': 621.55, 'low': 413.35, 'close': 575.25}"
2021:05:28 14:46:21,564.3,"{'open': 621.55, 'high': 621.55, 'low': 413.35, 'close': 575.25}"
2021:05:28 14:46:22,565.0,"{'open': 621.55, 'high': 621.55, 'low': 413.35, 'close': 575.25}"
2021:05:28 14:46:22,565.0,"{'open': 621.55, 'high': 621.55, 'low': 413.35, 'close': 575.25}"
2021:05:28 14:46:23,563.5,"{'open': 621.55, 'high': 621.55, 'low': 413.35, 'close': 575.25}"
2021:05:28 14:46:23,564.45,"{'open': 621.55, 'high': 621.55, 'low': 413.35, 'close': 575.25}"
2021:05:28 14:46:24,563.1,"{'open': 621.55, 'high': 621.55, 'low': 413.35, 'close': 575.25}"
2021:05:28 14:46:25,563.55,"{'open': 621.55, 'high': 621.55, 'low': 413.35, 'close': 575.25}"
2021:05:28 14:46:25,563.2,"{'open': 621.55, 'high': 621.55, 'low': 413.35, 'close': 575.25}"
2021:05:28 14:46:26,564.3,"{'open': 621.55, 'high': 621.55, 'low': 413.35, 'close': 575.25}"
2021:05:28 14:46:26,564.3,"{'open': 621.55, 'high': 621.55, 'low': 413.35, 'close': 575.25}"
2021:05:28 14:46:27,564.15,"{'open': 621.55, 'high': 621.55, 'low': 413.35, 'close': 575.25}"
2021:05:28 14:46:28,565.3,"{'open': 621.55, 'high': 621.55, 'low': 413.35, 'close': 575.25}"
2021:05:28 14:46:28,565.3,"{'open': 621.55, 'high': 621.55, 'low': 413.35, 'close': 575.25}"
2021:05:28 14:46:29,564.3,"{'open': 621.55, 'high': 621.55, 'low': 413.35, 'close': 575.25}"
2021:05:28 14:46:30,565.45,"{'open': 621.55, 'high': 621.55, 'low': 413.35, 'close': 575.25}"
2021:05:28 14:46:31,565.45,"{'open': 621.55, 'high': 621.55, 'low': 413.35, 'close': 575.25}"
2021:05:28 14:46:31,566.9,"{'open': 621.55, 'high': 621.55, 'low': 413.35, 'close': 575.25}"
2021:05:28 14:46:32,565.0,"{'open': 621.55, 'high': 621.55, 'low': 413.35, 'close': 575.25}"
2021:05:28 14:46:32,565.55,"{'open': 621.55, 'high': 621.55, 'low': 413.35, 'close': 575.25}"
2021:05:28 14:46:33,566.0,"{'open': 621.55, 'high': 621.55, 'low': 413.35, 'close': 575.25}"
2021:05:28 14:46:34,566.0,"{'open': 621.55, 'high': 621.55, 'low': 413.35, 'close': 575.25}"
2021:05:28 14:46:34,566.0,"{'open': 621.55, 'high': 621.55, 'low': 413.35, 'close': 575.25}"
2021:05:28 14:46:35,565.6,"{'open': 621.55, 'high': 621.55, 'low': 413.35, 'close': 575.25}"
2021:05:28 14:46:35,565.6,"{'open': 621.55, 'high': 621.55, 'low': 413.35, 'close': 575.25}"
2021:05:28 14:46:36,563.75,"{'open': 621.55, 'high': 621.55, 'low': 413.35, 'close': 575.25}"
2021:05:28 14:46:37,565.35,"{'open': 621.55, 'high': 621.55, 'low': 413.35, 'close': 575.25}"
2021:05:28 14:46:37,563.7,"{'open': 621.55, 'high': 621.55, 'low': 413.35, 'close': 575.25}"
2021:05:28 14:46:38,563.75,"{'open': 621.55, 'high': 621.55, 'low': 413.35, 'close': 575.25}"
2021:05:28 14:46:39,563.75,"{'open': 621.55, 'high': 621.55, 'low': 413.35, 'close': 575.25}"
2021:05:28 14:46:40,564.15,"{'open': 621.55, 'high': 621.55, 'low': 413.35, 'close': 575.25}"
2021:05:28 14:46:40,566.0,"{'open': 621.55, 'high': 621.55, 'low': 413.35, 'close': 575.25}"
2021:05:28 14:46:41,568.7,"{'open': 621.55, 'high': 621.55, 'low': 413.35, 'close': 575.25}"
2021:05:28 14:46:41,566.8,"{'open': 621.55, 'high': 621.55, 'low': 413.35, 'close': 575.25}"
2021:05:28 14:46:42,568.6,"{'open': 621.55, 'high': 621.55, 'low': 413.35, 'close': 575.25}"
2021:05:28 14:46:43,568.75,"{'open': 621.55, 'high': 621.55, 'low': 413.35, 'close': 575.25}"
2021:05:28 14:46:43,566.65,"{'open': 621.55, 'high': 621.55, 'low': 413.35, 'close': 575.25}"
2021:05:28 14:46:44,570.0,"{'open': 621.55, 'high': 621.55, 'low': 413.35, 'close': 575.25}"
2021:05:28 14:46:44,567.95,"{'open': 621.55, 'high': 621.55, 'low': 413.35, 'close': 575.25}"
2021:05:28 14:46:45,565.0,"{'open': 621.55, 'high': 621.55, 'low': 413.35, 'close': 575.25}"
2021:05:28 14:46:46,565.8,"{'open': 621.55, 'high': 621.55, 'low': 413.35, 'close': 575.25}"
2021:05:28 14:46:46,563.9,"{'open': 621.55, 'high': 621.55, 'low': 413.35, 'close': 575.25}"
2021:05:28 14:46:47,560.2,"{'open': 621.55, 'high': 621.55, 'low': 413.35, 'close': 575.25}"
2021:05:28 14:46:47,562.35,"{'open': 621.55, 'high': 621.55, 'low': 413.35, 'close': 575.25}"
2021:05:28 14:46:48,560.4,"{'open': 621.55, 'high': 621.55, 'low': 413.35, 'close': 575.25}"
2021:05:28 14:46:49,561.6,"{'open': 621.55, 'high': 621.55, 'low': 413.35, 'close': 575.25}"
2021:05:28 14:46:49,563.45,"{'open': 621.55, 'high': 621.55, 'low': 413.35, 'close': 575.25}"
2021:05:28 14:46:50,562.7,"{'open': 621.55, 'high': 621.55, 'low': 413.35, 'close': 575.25}"
2021:05:28 14:46:50,562.7,"{'open': 621.55, 'high': 621.55, 'low': 413.35, 'close': 575.25}"
2021:05:28 14:46:51,563.2,"{'open': 621.55, 'high': 621.55, 'low': 413.35, 'close': 575.25}"
2021:05:28 14:46:52,563.2,"{'open': 621.55, 'high': 621.55, 'low': 413.35, 'close': 575.25}"
2021:05:28 14:46:52,563.2,"{'open': 621.55, 'high': 621.55, 'low': 413.35, 'close': 575.25}"
2021:05:28 14:46:53,563.15,"{'open': 621.55, 'high': 621.55, 'low': 413.35, 'close': 575.25}"
2021:05:28 14:46:54,564.0,"{'open': 621.55, 'high': 621.55, 'low': 413.35, 'close': 575.25}"
2021:05:28 14:46:55,564.0,"{'open': 621.55, 'high': 621.55, 'low': 413.35, 'close': 575.25}"
2021:05:28 14:46:55,566.1,"{'open': 621.55, 'high': 621.55, 'low': 413.35, 'close': 575.25}"
2021:05:28 14:46:56,564.45,"{'open': 621.55, 'high': 621.55, 'low': 413.35, 'close': 575.25}"
2021:05:28 14:46:56,564.45,"{'open': 621.55, 'high': 621.55, 'low': 413.35, 'close': 575.25}"
2021:05:28 14:46:57,565.5,"{'open': 621.55, 'high': 621.55, 'low': 413.35, 'close': 575.25}"
2021:05:28 14:46:58,565.4,"{'open': 621.55, 'high': 621.55, 'low': 413.35, 'close': 575.25}"
2021:05:28 14:46:58,565.4,"{'open': 621.55, 'high': 621.55, 'low': 413.35, 'close': 575.25}"
2021:05:28 14:46:59,565.9,"{'open': 621.55, 'high': 621.55, 'low': 413.35, 'close': 575.25}"
2021:05:28 14:46:59,565.9,"{'open': 621.55, 'high': 621.55, 'low': 413.35, 'close': 575.25}"
2021:05:28 14:47:00,566.05,"{'open': 621.55, 'high': 621.55, 'low': 413.35, 'close': 575.25}"
2021:05:28 14:47:01,564.6,"{'open': 621.55, 'high': 621.55, 'low': 413.35, 'close': 575.25}"
2021:05:28 14:47:01,565.5,"{'open': 621.55, 'high': 621.55, 'low': 413.35, 'close': 575.25}"
2021:05:28 14:47:02,565.5,"{'open': 621.55, 'high': 621.55, 'low': 413.35, 'close': 575.25}"
2021:05:28 14:47:02,562.8,"{'open': 621.55, 'high': 621.55, 'low': 413.35, 'close': 575.25}"
2021:05:28 14:47:03,562.2,"{'open': 621.55, 'high': 621.55, 'low': 413.35, 'close': 575.25}"
2021:05:28 14:47:04,561.25,"{'open': 621.55, 'high': 621.55, 'low': 413.35, 'close': 575.25}"
2021:05:28 14:47:04,563.25,"{'open': 621.55, 'high': 621.55, 'low': 413.35, 'close': 575.25}"
2021:05:28 14:47:05,563.25,"{'open': 621.55, 'high': 621.55, 'low': 413.35, 'close': 575.25}"
2021:05:28 14:47:05,562.9,"{'open': 621.55, 'high': 621.55, 'low': 413.35, 'close': 575.25}"
2021:05:28 14:47:06,564.0,"{'open': 621.55, 'high': 621.55, 'low': 413.35, 'close': 575.25}"
2021:05:28 14:47:07,564.0,"{'open': 621.55, 'high': 621.55, 'low': 413.35, 'close': 575.25}"
2021:05:28 14:47:07,564.55,"{'open': 621.55, 'high': 621.55, 'low': 413.35, 'close': 575.25}"
2021:05:28 14:47:08,566.0,"{'open': 621.55, 'high': 621.55, 'low': 413.35, 'close': 575.25}"
2021:05:28 14:47:08,567.85,"{'open': 621.55, 'high': 621.55, 'low': 413.35, 'close': 575.25}"
2021:05:28 14:47:09,566.4,"{'open': 621.55, 'high': 621.55, 'low': 413.35, 'close': 575.25}"
2021:05:28 14:47:10,566.4,"{'open': 621.55, 'high': 621.55, 'low': 413.35, 'close': 575.25}"
2021:05:28 14:47:10,568.4,"{'open': 621.55, 'high': 621.55, 'low': 413.35, 'close': 575.25}"
2021:05:28 14:47:11,568.4,"{'open': 621.55, 'high': 621.55, 'low': 413.35, 'close': 575.25}"
2021:05:28 14:47:11,566.9,"{'open': 621.55, 'high': 621.55, 'low': 413.35, 'close': 575.25}"
2021:05:28 14:47:12,566.85,"{'open': 621.55, 'high': 621.55, 'low': 413.35, 'close': 575.25}"
2021:05:28 14:47:13,566.85,"{'open': 621.55, 'high': 621.55, 'low': 413.35, 'close': 575.25}"
2021:05:28 14:47:13,566.85,"{'open': 621.55, 'high': 621.55, 'low': 413.35, 'close': 575.25}"
2021:05:28 14:47:14,565.95,"{'open': 621.55, 'high': 621.55, 'low': 413.35, 'close': 575.25}"
2021:05:28 14:47:14,567.5,"{'open': 621.55, 'high': 621.55, 'low': 413.35, 'close': 575.25}"
2021:05:28 14:47:15,572.0,"{'open': 621.55, 'high': 621.55, 'low': 413.35, 'close': 575.25}"
2021:05:28 14:47:16,575.0,"{'open': 621.55, 'high': 621.55, 'low': 413.35, 'close': 575.25}"
2021:05:28 14:47:16,580.2,"{'open': 621.55, 'high': 621.55, 'low': 413.35, 'close': 575.25}"
2021:05:28 14:47:17,578.25,"{'open': 621.55, 'high': 621.55, 'low': 413.35, 'close': 575.25}"
2021:05:28 14:47:17,577.85,"{'open': 621.55, 'high': 621.55, 'low': 413.35, 'close': 575.25}"
2021:05:28 14:47:18,577.1,"{'open': 621.55, 'high': 621.55, 'low': 413.35, 'close': 575.25}"
2021:05:28 14:47:19,575.0,"{'open': 621.55, 'high': 621.55, 'low': 413.35, 'close': 575.25}"
2021:05:28 14:47:19,578.15,"{'open': 621.55, 'high': 621.55, 'low': 413.35, 'close': 575.25}"
2021:05:28 14:47:20,580.0,"{'open': 621.55, 'high': 621.55, 'low': 413.35, 'close': 575.25}"
2021:05:28 14:47:20,577.1,"{'open': 621.55, 'high': 621.55, 'low': 413.35, 'close': 575.25}"
2021:05:28 14:47:22,577.3,"{'open': 621.55, 'high': 621.55, 'low': 413.35, 'close': 575.25}"
2021:05:28 14:47:22,574.65,"{'open': 621.55, 'high': 621.55, 'low': 413.35, 'close': 575.25}"
2021:05:28 14:47:23,572.1,"{'open': 621.55, 'high': 621.55, 'low': 413.35, 'close': 575.25}"
2021:05:28 14:47:24,572.0,"{'open': 621.55, 'high': 621.55, 'low': 413.35, 'close': 575.25}"
2021:05:28 14:47:25,568.35,"{'open': 621.55, 'high': 621.55, 'low': 413.35, 'close': 575.25}"
2021:05:28 14:47:25,568.2,"{'open': 621.55, 'high': 621.55, 'low': 413.35, 'close': 575.25}"
2021:05:28 14:47:26,570.7,"{'open': 621.55, 'high': 621.55, 'low': 413.35, 'close': 575.25}"
2021:05:28 14:47:26,572.0,"{'open': 621.55, 'high': 621.55, 'low': 413.35, 'close': 575.25}"
2021:05:28 14:47:27,574.05,"{'open': 621.55, 'high': 621.55, 'low': 413.35, 'close': 575.25}"
2021:05:28 14:47:28,573.75,"{'open': 621.55, 'high': 621.55, 'low': 413.35, 'close': 575.25}"
2021:05:28 14:47:28,575.6,"{'open': 621.55, 'high': 621.55, 'low': 413.35, 'close': 575.25}"
2021:05:28 14:47:29,574.9,"{'open': 621.55, 'high': 621.55, 'low': 413.35, 'close': 575.25}"
2021:05:28 14:47:29,578.0,"{'open': 621.55, 'high': 621.55, 'low': 413.35, 'close': 575.25}"
2021:05:28 14:47:30,577.05,"{'open': 621.55, 'high': 621.55, 'low': 413.35, 'close': 575.25}"
2021:05:28 14:47:31,578.7,"{'open': 621.55, 'high': 621.55, 'low': 413.35, 'close': 575.25}"
2021:05:28 14:47:31,577.8,"{'open': 621.55, 'high': 621.55, 'low': 413.35, 'close': 575.25}"
2021:05:28 14:47:32,578.1,"{'open': 621.55, 'high': 621.55, 'low': 413.35, 'close': 575.25}"
